Year,Month,district_c,Season,Austria,Benelux countries,Germany,Italy,Other countries,Switzerland and Liechtenstein,Arrivals,District
2010,1.0,1,Winter,462.0,91.0,1768.0,10319.0,1763.0,170.0,14573.0,Bozen
2010,1.0,2,Winter,879.0,188.0,6825.0,16375.0,1460.0,638.0,26365.0,Burggrafenamt
2010,1.0,3,Winter,985.0,726.0,23137.0,18697.0,3739.0,636.0,47920.0,Eisacktal
2010,1.0,4,Winter,4667.0,5578.0,73048.0,119307.0,31884.0,1356.0,235840.0,Pustertal
2010,1.0,5,Winter,2062.0,5680.0,32218.0,54304.0,21193.0,1342.0,116799.0,Salten-Schlern
2010,1.0,6,Winter,166.0,140.0,1981.0,5520.0,1162.0,269.0,9238.0,Uberetsch-Unterland
2010,1.0,7,Winter,505.0,619.0,16163.0,7087.0,2902.0,1703.0,28979.0,Vinschgau
2010,1.0,8,Winter,633.0,414.0,17896.0,10674.0,840.0,280.0,30737.0,Wipptal
2010,2.0,1,Winter,542.0,278.0,1839.0,7417.0,1435.0,176.0,11687.0,Bozen
2010,2.0,2,Winter,1264.0,534.0,9246.0,12324.0,1310.0,1075.0,25753.0,Burggrafenamt
2010,2.0,3,Winter,1333.0,2521.0,25232.0,13966.0,8030.0,781.0,51863.0,Eisacktal
2010,2.0,4,Winter,4727.0,11972.0,70584.0,107422.0,26941.0,1487.0,223133.0,Pustertal
2010,2.0,5,Winter,1812.0,9788.0,35744.0,48858.0,19978.0,1338.0,117518.0,Salten-Schlern
2010,2.0,6,Winter,491.0,556.0,3020.0,3553.0,1460.0,345.0,9425.0,Uberetsch-Unterland
2010,2.0,7,Winter,640.0,2480.0,17517.0,5868.0,3488.0,2414.0,32407.0,Vinschgau
2010,2.0,8,Winter,568.0,1277.0,17705.0,8722.0,1461.0,366.0,30099.0,Wipptal
2010,3.0,1,Spring,1206.0,166.0,3463.0,8681.0,2108.0,289.0,15913.0,Bozen
2010,3.0,2,Spring,2705.0,265.0,20767.0,11863.0,1382.0,2606.0,39588.0,Burggrafenamt
2010,3.0,3,Spring,1266.0,831.0,19154.0,10761.0,4740.0,380.0,37132.0,Eisacktal
2010,3.0,4,Spring,4797.0,4506.0,62860.0,63317.0,18102.0,1239.0,154821.0,Pustertal
2010,3.0,5,Spring,2321.0,4690.0,32004.0,35641.0,14970.0,1056.0,90682.0,Salten-Schlern
2010,3.0,6,Spring,733.0,226.0,6062.0,4936.0,1160.0,461.0,13578.0,Uberetsch-Unterland
2010,3.0,7,Spring,1206.0,541.0,20173.0,5287.0,2707.0,1523.0,31437.0,Vinschgau
2010,3.0,8,Spring,606.0,242.0,17207.0,6447.0,1040.0,144.0,25686.0,Wipptal
2010,4.0,1,Spring,1693.0,312.0,6199.0,7636.0,2548.0,1055.0,19443.0,Bozen
2010,4.0,2,Spring,6987.0,719.0,64578.0,15526.0,2080.0,14887.0,104777.0,Burggrafenamt
2010,4.0,3,Spring,1349.0,572.0,11871.0,7896.0,946.0,734.0,23368.0,Eisacktal
2010,4.0,4,Spring,1258.0,5054.0,14321.0,22401.0,1900.0,982.0,45916.0,Pustertal
2010,4.0,5,Spring,602.0,1159.0,8369.0,10415.0,1214.0,662.0,22421.0,Salten-Schlern
2010,4.0,6,Spring,2758.0,581.0,20387.0,6275.0,1307.0,3322.0,34630.0,Uberetsch-Unterland
2010,4.0,7,Spring,1461.0,889.0,14455.0,6018.0,2000.0,3305.0,28128.0,Vinschgau
2010,4.0,8,Spring,524.0,216.0,7733.0,5827.0,831.0,446.0,15577.0,Wipptal
2010,5.0,1,Spring,2370.0,610.0,8127.0,7583.0,3063.0,1136.0,22889.0,Bozen
2010,5.0,2,Spring,8651.0,1722.0,95647.0,11579.0,2578.0,16418.0,136595.0,Burggrafenamt
2010,5.0,3,Spring,2363.0,905.0,23268.0,6991.0,1937.0,1424.0,36888.0,Eisacktal
2010,5.0,4,Spring,2366.0,1254.0,19330.0,16938.0,2269.0,1340.0,43497.0,Pustertal
2010,5.0,5,Spring,1589.0,545.0,17566.0,6216.0,1470.0,1234.0,28620.0,Salten-Schlern
2010,5.0,6,Spring,4945.0,890.0,34158.0,5645.0,1836.0,3646.0,51120.0,Uberetsch-Unterland
2010,5.0,7,Spring,1685.0,929.0,14618.0,3119.0,521.0,3624.0,24496.0,Vinschgau
2010,5.0,8,Spring,877.0,605.0,9999.0,4333.0,855.0,310.0,16979.0,Wipptal
2010,6.0,1,Summer,2090.0,734.0,6421.0,6650.0,4537.0,890.0,21322.0,Bozen
2010,6.0,2,Summer,7588.0,2923.0,78183.0,13456.0,3736.0,10755.0,116641.0,Burggrafenamt
2010,6.0,3,Summer,2052.0,1166.0,27334.0,8159.0,3076.0,968.0,42755.0,Eisacktal
2010,6.0,4,Summer,4158.0,3526.0,34519.0,38303.0,6681.0,2021.0,89208.0,Pustertal
2010,6.0,5,Summer,2746.0,1701.0,29189.0,16768.0,4324.0,2349.0,57077.0,Salten-Schlern
2010,6.0,6,Summer,5466.0,1425.0,29081.0,5778.0,2496.0,2495.0,46741.0,Uberetsch-Unterland
2010,6.0,7,Summer,1845.0,2020.0,17726.0,7578.0,2139.0,2902.0,34210.0,Vinschgau
2010,6.0,8,Summer,951.0,710.0,9247.0,4882.0,1289.0,375.0,17454.0,Wipptal
2010,7.0,1,Summer,1686.0,2191.0,7479.0,6950.0,7335.0,1121.0,26762.0,Bozen
2010,7.0,2,Summer,6761.0,8793.0,84732.0,23812.0,6023.0,15511.0,145632.0,Burggrafenamt
2010,7.0,3,Summer,2370.0,4573.0,28848.0,25607.0,4678.0,1436.0,67512.0,Eisacktal
2010,7.0,4,Summer,5446.0,10694.0,40029.0,155193.0,12763.0,3677.0,227802.0,Pustertal
2010,7.0,5,Summer,2471.0,3874.0,30970.0,60285.0,7578.0,2816.0,107994.0,Salten-Schlern
2010,7.0,6,Summer,4423.0,4404.0,31622.0,9641.0,5260.0,4548.0,59898.0,Uberetsch-Unterland
2010,7.0,7,Summer,2664.0,6452.0,24265.0,23258.0,3659.0,4593.0,64891.0,Vinschgau
2010,7.0,8,Summer,741.0,2556.0,10901.0,15557.0,2418.0,549.0,32722.0,Wipptal
2010,8.0,1,Summer,1932.0,1191.0,10111.0,7844.0,5957.0,888.0,27923.0,Bozen
2010,8.0,2,Summer,6873.0,5298.0,113209.0,45867.0,4885.0,9698.0,185830.0,Burggrafenamt
2010,8.0,3,Summer,2227.0,2063.0,29482.0,42210.0,2985.0,864.0,79831.0,Eisacktal
2010,8.0,4,Summer,4151.0,4024.0,36205.0,193766.0,7496.0,2003.0,247645.0,Pustertal
2010,8.0,5,Summer,2214.0,2082.0,33260.0,84668.0,4258.0,1797.0,128279.0,Salten-Schlern
2010,8.0,6,Summer,5050.0,2652.0,46251.0,12238.0,3515.0,2686.0,72392.0,Uberetsch-Unterland
2010,8.0,7,Summer,2759.0,3229.0,29044.0,35734.0,2307.0,3266.0,76339.0,Vinschgau
2010,8.0,8,Summer,854.0,1100.0,9927.0,24684.0,1277.0,360.0,38202.0,Wipptal
2010,9.0,1,Autumn,3232.0,621.0,9543.0,8367.0,5544.0,1619.0,28926.0,Bozen
2010,9.0,2,Autumn,8318.0,1942.0,109965.0,12854.0,3582.0,14618.0,151279.0,Burggrafenamt
2010,9.0,3,Autumn,3916.0,854.0,36237.0,9644.0,3141.0,2118.0,55910.0,Eisacktal
2010,9.0,4,Autumn,7454.0,2569.0,54597.0,40519.0,5734.0,3497.0,114370.0,Pustertal
2010,9.0,5,Autumn,3748.0,1352.0,42780.0,16152.0,4533.0,3175.0,71740.0,Salten-Schlern
2010,9.0,6,Autumn,6390.0,665.0,41105.0,5847.0,2384.0,3821.0,60212.0,Uberetsch-Unterland
2010,9.0,7,Autumn,2306.0,1372.0,27911.0,8264.0,1678.0,4260.0,45791.0,Vinschgau
2010,9.0,8,Autumn,1516.0,678.0,14030.0,7630.0,1424.0,451.0,25729.0,Wipptal
2010,10.0,1,Autumn,3351.0,170.0,7278.0,9086.0,3259.0,1490.0,24634.0,Bozen
2010,10.0,2,Autumn,13016.0,757.0,98017.0,16464.0,2319.0,17298.0,147871.0,Burggrafenamt
2010,10.0,3,Autumn,4527.0,426.0,34019.0,8487.0,1527.0,1965.0,50951.0,Eisacktal
2010,10.0,4,Autumn,5052.0,476.0,32806.0,18620.0,1451.0,2833.0,61238.0,Pustertal
2010,10.0,5,Autumn,2957.0,411.0,27941.0,9604.0,1482.0,2875.0,45270.0,Salten-Schlern
2010,10.0,6,Autumn,7763.0,306.0,33422.0,6313.0,1390.0,3946.0,53140.0,Uberetsch-Unterland
2010,10.0,7,Autumn,2352.0,222.0,15720.0,9832.0,1489.0,4085.0,33700.0,Vinschgau
2010,10.0,8,Autumn,1222.0,346.0,13648.0,5406.0,509.0,905.0,22036.0,Wipptal
2010,11.0,1,Autumn,1071.0,243.0,2627.0,11840.0,2065.0,455.0,18301.0,Bozen
2010,11.0,2,Autumn,2963.0,142.0,12208.0,20486.0,1513.0,2686.0,39998.0,Burggrafenamt
2010,11.0,3,Autumn,1704.0,88.0,5116.0,7095.0,520.0,301.0,14824.0,Eisacktal
2010,11.0,4,Autumn,1550.0,74.0,3678.0,9588.0,650.0,272.0,15812.0,Pustertal
2010,11.0,5,Autumn,479.0,41.0,2324.0,7025.0,373.0,166.0,10408.0,Salten-Schlern
2010,11.0,6,Autumn,1431.0,131.0,4124.0,6779.0,1118.0,377.0,13960.0,Uberetsch-Unterland
2010,11.0,7,Autumn,621.0,76.0,2944.0,5618.0,1319.0,412.0,10990.0,Vinschgau
2010,11.0,8,Autumn,787.0,52.0,2152.0,6131.0,386.0,149.0,9657.0,Wipptal
2010,12.0,1,Winter,748.0,81.0,2106.0,21332.0,1522.0,565.0,26354.0,Bozen
2010,12.0,2,Winter,1144.0,306.0,9863.0,47356.0,1507.0,1631.0,61807.0,Burggrafenamt
2010,12.0,3,Winter,832.0,590.0,12292.0,29872.0,2747.0,754.0,47087.0,Eisacktal
2010,12.0,4,Winter,1980.0,3174.0,32866.0,121166.0,17707.0,1127.0,178020.0,Pustertal
2010,12.0,5,Winter,1068.0,3168.0,16984.0,60817.0,8718.0,987.0,91742.0,Salten-Schlern
2010,12.0,6,Winter,430.0,101.0,3210.0,14839.0,663.0,461.0,19704.0,Uberetsch-Unterland
2010,12.0,7,Winter,459.0,750.0,11058.0,8689.0,1705.0,787.0,23448.0,Vinschgau
2010,12.0,8,Winter,345.0,422.0,9743.0,21312.0,686.0,186.0,32694.0,Wipptal
2011,1.0,1,Winter,622.0,277.0,1652.0,10153.0,1708.0,298.0,14710.0,Bozen
2011,1.0,2,Winter,835.0,141.0,7617.0,21876.0,1350.0,865.0,32684.0,Burggrafenamt
2011,1.0,3,Winter,925.0,724.0,24194.0,20601.0,3689.0,683.0,50816.0,Eisacktal
2011,1.0,4,Winter,3594.0,5721.0,74205.0,126164.0,31493.0,1460.0,242637.0,Pustertal
2011,1.0,5,Winter,1594.0,5991.0,33681.0,57074.0,22917.0,1601.0,122858.0,Salten-Schlern
2011,1.0,6,Winter,185.0,215.0,1868.0,6510.0,1302.0,171.0,10251.0,Uberetsch-Unterland
2011,1.0,7,Winter,392.0,802.0,17314.0,7834.0,2732.0,1742.0,30816.0,Vinschgau
2011,1.0,8,Winter,417.0,350.0,18364.0,11695.0,763.0,171.0,31760.0,Wipptal
2011,2.0,1,Winter,836.0,196.0,1842.0,7455.0,1621.0,279.0,12229.0,Bozen
2011,2.0,2,Winter,1582.0,461.0,6628.0,11090.0,1646.0,1395.0,22802.0,Burggrafenamt
2011,2.0,3,Winter,1703.0,1432.0,21254.0,12792.0,7671.0,936.0,45788.0,Eisacktal
2011,2.0,4,Winter,6368.0,6763.0,58119.0,94504.0,32332.0,1458.0,199544.0,Pustertal
2011,2.0,5,Winter,2516.0,8490.0,29418.0,45141.0,22790.0,1490.0,109845.0,Salten-Schlern
2011,2.0,6,Winter,502.0,318.0,3056.0,4203.0,1424.0,298.0,9801.0,Uberetsch-Unterland
2011,2.0,7,Winter,1053.0,2623.0,13744.0,5334.0,3434.0,2548.0,28736.0,Vinschgau
2011,2.0,8,Winter,799.0,1064.0,15363.0,7434.0,1878.0,407.0,26945.0,Wipptal
2011,3.0,1,Spring,964.0,166.0,3364.0,8796.0,2074.0,302.0,15666.0,Bozen
2011,3.0,2,Spring,1904.0,284.0,16031.0,12554.0,1675.0,2229.0,34677.0,Burggrafenamt
2011,3.0,3,Spring,1103.0,1703.0,19998.0,11257.0,4886.0,407.0,39354.0,Eisacktal
2011,3.0,4,Spring,4015.0,10343.0,63723.0,73841.0,18704.0,1348.0,171974.0,Pustertal
2011,3.0,5,Spring,1941.0,6681.0,32543.0,41124.0,13969.0,1332.0,97590.0,Salten-Schlern
2011,3.0,6,Spring,619.0,561.0,4859.0,5092.0,1152.0,371.0,12654.0,Uberetsch-Unterland
2011,3.0,7,Spring,1071.0,1249.0,18687.0,7086.0,2574.0,1921.0,32588.0,Vinschgau
2011,3.0,8,Spring,489.0,744.0,17270.0,6848.0,1371.0,220.0,26942.0,Wipptal
2011,4.0,1,Spring,1747.0,254.0,6975.0,8144.0,2725.0,937.0,20782.0,Bozen
2011,4.0,2,Spring,7482.0,1108.0,80526.0,13346.0,2692.0,15774.0,120928.0,Burggrafenamt
2011,4.0,3,Spring,1725.0,273.0,14085.0,6321.0,1142.0,805.0,24351.0,Eisacktal
2011,4.0,4,Spring,1535.0,3538.0,15844.0,14090.0,1462.0,971.0,37440.0,Pustertal
2011,4.0,5,Spring,734.0,241.0,8258.0,5585.0,744.0,597.0,16159.0,Salten-Schlern
2011,4.0,6,Spring,3564.0,502.0,26111.0,6217.0,1170.0,3244.0,40808.0,Uberetsch-Unterland
2011,4.0,7,Spring,1716.0,905.0,20225.0,6024.0,1780.0,4302.0,34952.0,Vinschgau
2011,4.0,8,Spring,620.0,225.0,8288.0,5234.0,766.0,194.0,15327.0,Wipptal
2011,5.0,1,Spring,1998.0,575.0,5496.0,7848.0,3832.0,1005.0,20754.0,Bozen
2011,5.0,2,Spring,7742.0,1661.0,69933.0,10132.0,2997.0,15013.0,107478.0,Burggrafenamt
2011,5.0,3,Spring,2144.0,745.0,18300.0,5031.0,1663.0,1007.0,28890.0,Eisacktal
2011,5.0,4,Spring,2108.0,905.0,14898.0,10284.0,1676.0,1095.0,30966.0,Pustertal
2011,5.0,5,Spring,1397.0,450.0,11369.0,4891.0,1284.0,1037.0,20428.0,Salten-Schlern
2011,5.0,6,Spring,4799.0,873.0,23001.0,6233.0,1711.0,3317.0,39934.0,Uberetsch-Unterland
2011,5.0,7,Spring,1308.0,823.0,9846.0,3864.0,782.0,3075.0,19698.0,Vinschgau
2011,5.0,8,Spring,1083.0,405.0,8481.0,3048.0,943.0,179.0,14139.0,Wipptal
2011,6.0,1,Summer,2116.0,817.0,8540.0,7214.0,5217.0,1670.0,25574.0,Bozen
2011,6.0,2,Summer,7589.0,3010.0,104392.0,12892.0,4275.0,13102.0,145260.0,Burggrafenamt
2011,6.0,3,Summer,2546.0,1410.0,32829.0,10435.0,2865.0,1299.0,51384.0,Eisacktal
2011,6.0,4,Summer,4771.0,3212.0,44406.0,46058.0,7077.0,2956.0,108480.0,Pustertal
2011,6.0,5,Summer,2920.0,1900.0,37774.0,19084.0,4608.0,2730.0,69016.0,Salten-Schlern
2011,6.0,6,Summer,5896.0,1626.0,39800.0,5470.0,2219.0,3230.0,58241.0,Uberetsch-Unterland
2011,6.0,7,Summer,2028.0,2017.0,26048.0,8146.0,2087.0,4254.0,44580.0,Vinschgau
2011,6.0,8,Summer,1095.0,704.0,12459.0,6718.0,1257.0,387.0,22620.0,Wipptal
2011,7.0,1,Summer,1988.0,2492.0,8646.0,6918.0,7478.0,1206.0,28728.0,Bozen
2011,7.0,2,Summer,7213.0,9531.0,96094.0,23617.0,6432.0,19028.0,161915.0,Burggrafenamt
2011,7.0,3,Summer,2693.0,5109.0,31820.0,25021.0,5452.0,1721.0,71816.0,Eisacktal
2011,7.0,4,Summer,4807.0,11417.0,43312.0,153727.0,14843.0,4343.0,232449.0,Pustertal
2011,7.0,5,Summer,2529.0,4620.0,35165.0,62796.0,8679.0,3280.0,117069.0,Salten-Schlern
2011,7.0,6,Summer,4916.0,5080.0,35445.0,9644.0,5031.0,4911.0,65027.0,Uberetsch-Unterland
2011,7.0,7,Summer,2976.0,6642.0,27398.0,22927.0,3632.0,5871.0,69446.0,Vinschgau
2011,7.0,8,Summer,1100.0,3237.0,12012.0,15052.0,2786.0,555.0,34742.0,Wipptal
2011,8.0,1,Summer,2531.0,1339.0,10941.0,7610.0,5673.0,1156.0,29250.0,Bozen
2011,8.0,2,Summer,6761.0,5231.0,113502.0,40972.0,4786.0,10473.0,181725.0,Burggrafenamt
2011,8.0,3,Summer,2627.0,2102.0,29997.0,39043.0,2662.0,927.0,77358.0,Eisacktal
2011,8.0,4,Summer,4210.0,4524.0,38636.0,192757.0,8730.0,2421.0,251278.0,Pustertal
2011,8.0,5,Summer,2533.0,2203.0,34300.0,83905.0,4922.0,2048.0,129911.0,Salten-Schlern
2011,8.0,6,Summer,5119.0,2576.0,44780.0,12043.0,2745.0,2669.0,69932.0,Uberetsch-Unterland
2011,8.0,7,Summer,3195.0,3832.0,31685.0,33823.0,2663.0,4020.0,79218.0,Vinschgau
2011,8.0,8,Summer,1007.0,1281.0,10992.0,25191.0,1371.0,262.0,40104.0,Wipptal
2011,9.0,1,Autumn,3729.0,681.0,10047.0,8276.0,6129.0,1512.0,30374.0,Bozen
2011,9.0,2,Autumn,8323.0,2466.0,116320.0,13031.0,3869.0,15223.0,159232.0,Burggrafenamt
2011,9.0,3,Autumn,3703.0,964.0,40797.0,9974.0,3247.0,1754.0,60439.0,Eisacktal
2011,9.0,4,Autumn,6854.0,2242.0,61516.0,46005.0,6305.0,3646.0,126568.0,Pustertal
2011,9.0,5,Autumn,4133.0,1518.0,48653.0,18593.0,4865.0,3475.0,81237.0,Salten-Schlern
2011,9.0,6,Autumn,7338.0,1165.0,44365.0,6301.0,2441.0,4261.0,65871.0,Uberetsch-Unterland
2011,9.0,7,Autumn,2649.0,1467.0,33531.0,10239.0,2401.0,5195.0,55482.0,Vinschgau
2011,9.0,8,Autumn,1295.0,744.0,17449.0,7468.0,1296.0,477.0,28729.0,Wipptal
2011,10.0,1,Autumn,3287.0,216.0,8345.0,8760.0,3607.0,1398.0,25613.0,Bozen
2011,10.0,2,Autumn,11310.0,746.0,102605.0,15851.0,2510.0,20568.0,153590.0,Burggrafenamt
2011,10.0,3,Autumn,4646.0,442.0,35963.0,8777.0,1398.0,2346.0,53572.0,Eisacktal
2011,10.0,4,Autumn,4220.0,422.0,33968.0,20138.0,1375.0,3209.0,63332.0,Pustertal
2011,10.0,5,Autumn,2804.0,370.0,29777.0,10523.0,1504.0,3291.0,48269.0,Salten-Schlern
2011,10.0,6,Autumn,6964.0,260.0,33866.0,5525.0,1191.0,4393.0,52199.0,Uberetsch-Unterland
2011,10.0,7,Autumn,2017.0,240.0,17476.0,10246.0,1582.0,5260.0,36821.0,Vinschgau
2011,10.0,8,Autumn,1512.0,257.0,15348.0,5687.0,657.0,1043.0,24504.0,Wipptal
2011,11.0,1,Autumn,1223.0,141.0,2849.0,10838.0,1755.0,476.0,17282.0,Bozen
2011,11.0,2,Autumn,3103.0,136.0,9496.0,17802.0,1403.0,2930.0,34870.0,Burggrafenamt
2011,11.0,3,Autumn,2132.0,96.0,5421.0,6513.0,586.0,356.0,15104.0,Eisacktal
2011,11.0,4,Autumn,1082.0,69.0,3136.0,8975.0,649.0,297.0,14208.0,Pustertal
2011,11.0,5,Autumn,633.0,36.0,2168.0,6940.0,422.0,295.0,10494.0,Salten-Schlern
2011,11.0,6,Autumn,1254.0,88.0,3929.0,7020.0,907.0,493.0,13691.0,Uberetsch-Unterland
2011,11.0,7,Autumn,426.0,71.0,2574.0,5833.0,878.0,555.0,10337.0,Vinschgau
2011,11.0,8,Autumn,789.0,87.0,2068.0,5757.0,356.0,110.0,9167.0,Wipptal
2011,12.0,1,Winter,643.0,125.0,2046.0,20172.0,1922.0,543.0,25451.0,Bozen
2011,12.0,2,Winter,1279.0,288.0,11226.0,45730.0,1779.0,2227.0,62529.0,Burggrafenamt
2011,12.0,3,Winter,924.0,565.0,12036.0,30612.0,2835.0,742.0,47714.0,Eisacktal
2011,12.0,4,Winter,1815.0,3464.0,34383.0,118102.0,17324.0,1291.0,176379.0,Pustertal
2011,12.0,5,Winter,997.0,2551.0,17534.0,57676.0,9187.0,1323.0,89268.0,Salten-Schlern
2011,12.0,6,Winter,897.0,173.0,3204.0,16254.0,865.0,586.0,21979.0,Uberetsch-Unterland
2011,12.0,7,Winter,730.0,805.0,11501.0,9413.0,1845.0,915.0,25209.0,Vinschgau
2011,12.0,8,Winter,393.0,330.0,9592.0,21688.0,922.0,295.0,33220.0,Wipptal
2012,1.0,1,Winter,571.0,127.0,1659.0,11505.0,1881.0,213.0,15956.0,Bozen
2012,1.0,2,Winter,642.0,128.0,7051.0,18136.0,1486.0,849.0,28292.0,Burggrafenamt
2012,1.0,3,Winter,1014.0,653.0,23503.0,18866.0,4337.0,864.0,49237.0,Eisacktal
2012,1.0,4,Winter,3519.0,5443.0,71659.0,115060.0,35878.0,1827.0,233386.0,Pustertal
2012,1.0,5,Winter,1564.0,5525.0,33711.0,50181.0,24418.0,2001.0,117400.0,Salten-Schlern
2012,1.0,6,Winter,230.0,98.0,2247.0,7591.0,1429.0,311.0,11906.0,Uberetsch-Unterland
2012,1.0,7,Winter,556.0,754.0,16141.0,6814.0,2922.0,1988.0,29175.0,Vinschgau
2012,1.0,8,Winter,457.0,452.0,16947.0,11925.0,1039.0,179.0,30999.0,Wipptal
2012,2.0,1,Winter,673.0,261.0,1943.0,7150.0,1662.0,226.0,11915.0,Bozen
2012,2.0,2,Winter,1184.0,530.0,9519.0,9512.0,1424.0,1416.0,23585.0,Burggrafenamt
2012,2.0,3,Winter,1529.0,2734.0,27953.0,11735.0,7140.0,1202.0,52293.0,Eisacktal
2012,2.0,4,Winter,6542.0,12386.0,79239.0,93376.0,30014.0,2106.0,223663.0,Pustertal
2012,2.0,5,Winter,2607.0,10266.0,41455.0,41420.0,21987.0,2291.0,120026.0,Salten-Schlern
2012,2.0,6,Winter,361.0,499.0,2696.0,3615.0,1439.0,186.0,8796.0,Uberetsch-Unterland
2012,2.0,7,Winter,866.0,3390.0,20154.0,5201.0,3157.0,2728.0,35496.0,Vinschgau
2012,2.0,8,Winter,729.0,1588.0,19793.0,8260.0,1533.0,524.0,32427.0,Wipptal
2012,3.0,1,Spring,1210.0,176.0,3700.0,8788.0,1985.0,349.0,16208.0,Bozen
2012,3.0,2,Spring,2737.0,276.0,21919.0,11202.0,1771.0,3525.0,41430.0,Burggrafenamt
2012,3.0,3,Spring,1488.0,1099.0,19191.0,9452.0,4895.0,582.0,36707.0,Eisacktal
2012,3.0,4,Spring,4604.0,6846.0,60939.0,58658.0,19245.0,1454.0,151746.0,Pustertal
2012,3.0,5,Spring,2302.0,5142.0,30420.0,30720.0,14023.0,1505.0,84112.0,Salten-Schlern
2012,3.0,6,Spring,1120.0,362.0,7068.0,5188.0,1509.0,649.0,15896.0,Uberetsch-Unterland
2012,3.0,7,Spring,1208.0,977.0,21928.0,6267.0,4096.0,2076.0,36552.0,Vinschgau
2012,3.0,8,Spring,663.0,350.0,17308.0,6238.0,1400.0,193.0,26152.0,Wipptal
2012,4.0,1,Spring,1878.0,263.0,6454.0,8041.0,2803.0,1135.0,20574.0,Bozen
2012,4.0,2,Spring,8382.0,917.0,80366.0,13775.0,2203.0,18868.0,124511.0,Burggrafenamt
2012,4.0,3,Spring,1260.0,313.0,16808.0,7608.0,1215.0,1048.0,28252.0,Eisacktal
2012,4.0,4,Spring,1329.0,2304.0,19071.0,17997.0,1860.0,990.0,43551.0,Pustertal
2012,4.0,5,Spring,822.0,497.0,11937.0,8995.0,1212.0,813.0,24276.0,Salten-Schlern
2012,4.0,6,Spring,4185.0,611.0,25913.0,6375.0,1450.0,3735.0,42269.0,Uberetsch-Unterland
2012,4.0,7,Spring,1669.0,636.0,18152.0,5569.0,1217.0,4381.0,31624.0,Vinschgau
2012,4.0,8,Spring,401.0,208.0,8546.0,5426.0,715.0,325.0,15621.0,Wipptal
2012,5.0,1,Spring,1944.0,573.0,6817.0,10243.0,3530.0,1247.0,24354.0,Bozen
2012,5.0,2,Spring,7846.0,1897.0,84721.0,11613.0,3555.0,18418.0,128050.0,Burggrafenamt
2012,5.0,3,Spring,2788.0,873.0,23667.0,8996.0,2096.0,1227.0,39647.0,Eisacktal
2012,5.0,4,Spring,2543.0,1037.0,21939.0,11695.0,2086.0,2080.0,41380.0,Pustertal
2012,5.0,5,Spring,1735.0,581.0,17510.0,9724.0,1782.0,1838.0,33170.0,Salten-Schlern
2012,5.0,6,Spring,4938.0,954.0,30510.0,11072.0,1803.0,4093.0,53370.0,Uberetsch-Unterland
2012,5.0,7,Spring,1536.0,962.0,14657.0,3904.0,1060.0,4758.0,26877.0,Vinschgau
2012,5.0,8,Spring,761.0,457.0,10597.0,4203.0,1158.0,374.0,17550.0,Wipptal
2012,6.0,1,Summer,2075.0,791.0,7350.0,6361.0,5943.0,1205.0,23725.0,Bozen
2012,6.0,2,Summer,6769.0,3317.0,93111.0,13097.0,4608.0,12721.0,133623.0,Burggrafenamt
2012,6.0,3,Summer,2507.0,1540.0,33307.0,9498.0,3377.0,1361.0,51590.0,Eisacktal
2012,6.0,4,Summer,4962.0,4655.0,44562.0,56382.0,8386.0,3146.0,122093.0,Pustertal
2012,6.0,5,Summer,3082.0,2104.0,36363.0,24859.0,5755.0,3081.0,75244.0,Salten-Schlern
2012,6.0,6,Summer,5710.0,1802.0,34420.0,6210.0,2186.0,3119.0,53447.0,Uberetsch-Unterland
2012,6.0,7,Summer,2179.0,2253.0,23608.0,8609.0,2484.0,4039.0,43172.0,Vinschgau
2012,6.0,8,Summer,1178.0,1131.0,12099.0,6105.0,1331.0,610.0,22454.0,Wipptal
2012,7.0,1,Summer,1856.0,2337.0,8724.0,6594.0,7580.0,1393.0,28484.0,Bozen
2012,7.0,2,Summer,7086.0,9841.0,97288.0,19969.0,7185.0,18951.0,160320.0,Burggrafenamt
2012,7.0,3,Summer,2831.0,5244.0,33533.0,22891.0,5881.0,2179.0,72559.0,Eisacktal
2012,7.0,4,Summer,5581.0,9847.0,46259.0,136344.0,14225.0,4916.0,217172.0,Pustertal
2012,7.0,5,Summer,2928.0,5128.0,38535.0,53660.0,8899.0,4121.0,113271.0,Salten-Schlern
2012,7.0,6,Summer,4369.0,5455.0,34657.0,8381.0,5570.0,5149.0,63581.0,Uberetsch-Unterland
2012,7.0,7,Summer,2921.0,7211.0,29114.0,20472.0,4010.0,6256.0,69984.0,Vinschgau
2012,7.0,8,Summer,1084.0,3705.0,12770.0,13385.0,3062.0,844.0,34850.0,Wipptal
2012,8.0,1,Summer,2135.0,1171.0,11020.0,7166.0,6179.0,1291.0,28962.0,Bozen
2012,8.0,2,Summer,7549.0,5481.0,114262.0,40948.0,5204.0,11105.0,184549.0,Burggrafenamt
2012,8.0,3,Summer,2719.0,2273.0,30969.0,43130.0,3247.0,1016.0,83354.0,Eisacktal
2012,8.0,4,Summer,4818.0,4251.0,37859.0,211479.0,9625.0,2651.0,270683.0,Pustertal
2012,8.0,5,Summer,2655.0,2349.0,36127.0,94678.0,5850.0,2257.0,143916.0,Salten-Schlern
2012,8.0,6,Summer,5483.0,2724.0,45735.0,12516.0,3580.0,3169.0,73207.0,Uberetsch-Unterland
2012,8.0,7,Summer,2951.0,3799.0,32183.0,36816.0,2702.0,4178.0,82629.0,Vinschgau
2012,8.0,8,Summer,883.0,1809.0,11462.0,25610.0,1400.0,402.0,41566.0,Wipptal
2012,9.0,1,Autumn,3252.0,646.0,10320.0,8124.0,5545.0,1406.0,29293.0,Bozen
2012,9.0,2,Autumn,9061.0,2320.0,125293.0,12749.0,3985.0,18380.0,171788.0,Burggrafenamt
2012,9.0,3,Autumn,4265.0,1105.0,44002.0,10344.0,3372.0,2210.0,65298.0,Eisacktal
2012,9.0,4,Autumn,7249.0,2769.0,69930.0,50302.0,8151.0,5164.0,143565.0,Pustertal
2012,9.0,5,Autumn,4794.0,1662.0,53133.0,20409.0,6019.0,4650.0,90667.0,Salten-Schlern
2012,9.0,6,Autumn,6736.0,891.0,44757.0,6340.0,2414.0,5164.0,66302.0,Uberetsch-Unterland
2012,9.0,7,Autumn,2721.0,1697.0,33154.0,8323.0,2361.0,5517.0,53773.0,Vinschgau
2012,9.0,8,Autumn,1401.0,745.0,19276.0,7188.0,1329.0,797.0,30736.0,Wipptal
2012,10.0,1,Autumn,2972.0,208.0,7216.0,7488.0,3550.0,1116.0,22550.0,Bozen
2012,10.0,2,Autumn,11497.0,786.0,95151.0,10822.0,2432.0,19397.0,140085.0,Burggrafenamt
2012,10.0,3,Autumn,4920.0,330.0,33850.0,6423.0,1284.0,2144.0,48951.0,Eisacktal
2012,10.0,4,Autumn,4167.0,429.0,31134.0,15524.0,1543.0,3335.0,56132.0,Pustertal
2012,10.0,5,Autumn,3502.0,402.0,31036.0,8432.0,1784.0,3800.0,48956.0,Salten-Schlern
2012,10.0,6,Autumn,6971.0,277.0,32616.0,5135.0,1437.0,4315.0,50751.0,Uberetsch-Unterland
2012,10.0,7,Autumn,2014.0,218.0,16867.0,6733.0,1542.0,5141.0,32515.0,Vinschgau
2012,10.0,8,Autumn,1495.0,164.0,13978.0,4484.0,602.0,775.0,21498.0,Wipptal
2012,11.0,1,Autumn,1088.0,193.0,2989.0,9957.0,2719.0,531.0,17477.0,Bozen
2012,11.0,2,Autumn,4080.0,171.0,11697.0,21139.0,1625.0,3783.0,42495.0,Burggrafenamt
2012,11.0,3,Autumn,2113.0,55.0,5575.0,7132.0,543.0,374.0,15792.0,Eisacktal
2012,11.0,4,Autumn,1103.0,62.0,3631.0,14654.0,573.0,554.0,20577.0,Pustertal
2012,11.0,5,Autumn,672.0,34.0,2752.0,9091.0,444.0,290.0,13283.0,Salten-Schlern
2012,11.0,6,Autumn,1446.0,135.0,4330.0,6816.0,1185.0,400.0,14312.0,Uberetsch-Unterland
2012,11.0,7,Autumn,722.0,44.0,3100.0,7359.0,798.0,629.0,12652.0,Vinschgau
2012,11.0,8,Autumn,970.0,27.0,3059.0,6634.0,382.0,151.0,11223.0,Wipptal
2012,12.0,1,Winter,784.0,93.0,2340.0,19828.0,2082.0,442.0,25569.0,Bozen
2012,12.0,2,Winter,1365.0,420.0,12154.0,43968.0,1861.0,2841.0,62609.0,Burggrafenamt
2012,12.0,3,Winter,970.0,555.0,13772.0,30483.0,3034.0,1068.0,49882.0,Eisacktal
2012,12.0,4,Winter,2207.0,3856.0,39404.0,119575.0,18974.0,1476.0,185492.0,Pustertal
2012,12.0,5,Winter,1078.0,2914.0,21049.0,58553.0,10193.0,1616.0,95403.0,Salten-Schlern
2012,12.0,6,Winter,537.0,132.0,3258.0,14625.0,869.0,383.0,19804.0,Uberetsch-Unterland
2012,12.0,7,Winter,448.0,968.0,12824.0,9834.0,1978.0,1126.0,27178.0,Vinschgau
2012,12.0,8,Winter,672.0,399.0,10975.0,22088.0,1196.0,314.0,35644.0,Wipptal
2013,1.0,1,Winter,445.0,102.0,1534.0,10370.0,2020.0,201.0,14672.0,Bozen
2013,1.0,2,Winter,799.0,132.0,6097.0,15650.0,1523.0,1053.0,25254.0,Burggrafenamt
2013,1.0,3,Winter,943.0,585.0,21136.0,16244.0,4020.0,808.0,43736.0,Eisacktal
2013,1.0,4,Winter,3721.0,4751.0,65426.0,95519.0,35329.0,1841.0,206587.0,Pustertal
2013,1.0,5,Winter,1836.0,4483.0,29734.0,42862.0,22930.0,2069.0,103914.0,Salten-Schlern
2013,1.0,6,Winter,195.0,92.0,2103.0,5183.0,982.0,264.0,8819.0,Uberetsch-Unterland
2013,1.0,7,Winter,383.0,684.0,13622.0,5403.0,2623.0,1999.0,24714.0,Vinschgau
2013,1.0,8,Winter,564.0,401.0,16811.0,9271.0,1103.0,339.0,28489.0,Wipptal
2013,2.0,1,Winter,610.0,244.0,1887.0,6642.0,1787.0,209.0,11379.0,Bozen
2013,2.0,2,Winter,1375.0,597.0,10143.0,9740.0,1388.0,1466.0,24709.0,Burggrafenamt
2013,2.0,3,Winter,1576.0,2306.0,29355.0,13059.0,6791.0,1214.0,54301.0,Eisacktal
2013,2.0,4,Winter,6658.0,11300.0,81855.0,95925.0,31402.0,2540.0,229680.0,Pustertal
2013,2.0,5,Winter,2596.0,10030.0,46329.0,41995.0,22691.0,2669.0,126310.0,Salten-Schlern
2013,2.0,6,Winter,496.0,405.0,2935.0,3791.0,2154.0,357.0,10138.0,Uberetsch-Unterland
2013,2.0,7,Winter,819.0,3442.0,20532.0,4800.0,2799.0,2929.0,35321.0,Vinschgau
2013,2.0,8,Winter,822.0,1619.0,20802.0,8081.0,1767.0,533.0,33624.0,Wipptal
2013,3.0,1,Spring,1259.0,111.0,4735.0,9365.0,2212.0,666.0,18348.0,Bozen
2013,3.0,2,Spring,3328.0,465.0,38942.0,11976.0,2138.0,5738.0,62587.0,Burggrafenamt
2013,3.0,3,Spring,1668.0,911.0,25913.0,11023.0,5093.0,721.0,45329.0,Eisacktal
2013,3.0,4,Spring,4932.0,7525.0,76175.0,71257.0,20540.0,1828.0,182257.0,Pustertal
2013,3.0,5,Spring,2651.0,5388.0,42337.0,37974.0,16483.0,1990.0,106823.0,Salten-Schlern
2013,3.0,6,Spring,1104.0,161.0,10630.0,5235.0,1367.0,1023.0,19520.0,Uberetsch-Unterland
2013,3.0,7,Spring,1164.0,800.0,27337.0,5979.0,3292.0,2790.0,41362.0,Vinschgau
2013,3.0,8,Spring,804.0,487.0,20470.0,6543.0,1954.0,307.0,30565.0,Wipptal
2013,4.0,1,Spring,1547.0,276.0,5158.0,7591.0,2600.0,1025.0,18197.0,Bozen
2013,4.0,2,Spring,7079.0,1072.0,52644.0,11378.0,2199.0,18471.0,92843.0,Burggrafenamt
2013,4.0,3,Spring,1270.0,285.0,10207.0,5909.0,993.0,1126.0,19790.0,Eisacktal
2013,4.0,4,Spring,1306.0,1237.0,7435.0,10427.0,1238.0,529.0,22172.0,Pustertal
2013,4.0,5,Spring,681.0,246.0,4829.0,4530.0,853.0,591.0,11730.0,Salten-Schlern
2013,4.0,6,Spring,2828.0,453.0,16720.0,5781.0,1551.0,3010.0,30343.0,Uberetsch-Unterland
2013,4.0,7,Spring,1262.0,677.0,9237.0,4748.0,1685.0,3645.0,21254.0,Vinschgau
2013,4.0,8,Spring,573.0,272.0,6896.0,4462.0,754.0,202.0,13159.0,Wipptal
2013,5.0,1,Spring,2571.0,560.0,9424.0,7321.0,4320.0,1382.0,25578.0,Bozen
2013,5.0,2,Spring,9489.0,1840.0,101893.0,8714.0,3531.0,19404.0,144871.0,Burggrafenamt
2013,5.0,3,Spring,2828.0,669.0,28847.0,5077.0,2311.0,1354.0,41086.0,Eisacktal
2013,5.0,4,Spring,2902.0,761.0,23257.0,10315.0,2029.0,1747.0,41011.0,Pustertal
2013,5.0,5,Spring,2172.0,451.0,21573.0,4254.0,1728.0,1698.0,31876.0,Salten-Schlern
2013,5.0,6,Spring,5249.0,1029.0,38558.0,5285.0,1825.0,4075.0,56021.0,Uberetsch-Unterland
2013,5.0,7,Spring,1744.0,915.0,18124.0,3742.0,1138.0,4785.0,30448.0,Vinschgau
2013,5.0,8,Spring,2476.0,565.0,13066.0,3551.0,1324.0,432.0,21414.0,Wipptal
2013,6.0,1,Summer,2084.0,932.0,7588.0,6247.0,6655.0,1090.0,24596.0,Bozen
2013,6.0,2,Summer,7076.0,3795.0,84690.0,10782.0,4893.0,14388.0,125624.0,Burggrafenamt
2013,6.0,3,Summer,2670.0,2002.0,30427.0,8613.0,4415.0,1289.0,49416.0,Eisacktal
2013,6.0,4,Summer,4029.0,4886.0,38866.0,52514.0,8924.0,2798.0,112017.0,Pustertal
2013,6.0,5,Summer,2871.0,2698.0,33044.0,22439.0,7468.0,3127.0,71647.0,Salten-Schlern
2013,6.0,6,Summer,4742.0,2177.0,31429.0,5266.0,2956.0,3655.0,50225.0,Uberetsch-Unterland
2013,6.0,7,Summer,1812.0,2419.0,19870.0,6131.0,2552.0,3617.0,36401.0,Vinschgau
2013,6.0,8,Summer,857.0,1204.0,11646.0,5565.0,1546.0,501.0,21319.0,Wipptal
2013,7.0,1,Summer,1718.0,2250.0,9049.0,6052.0,8785.0,1433.0,29287.0,Bozen
2013,7.0,2,Summer,7192.0,9631.0,94270.0,18060.0,7223.0,19415.0,155791.0,Burggrafenamt
2013,7.0,3,Summer,3413.0,5077.0,32823.0,21288.0,5771.0,2020.0,70392.0,Eisacktal
2013,7.0,4,Summer,7150.0,9487.0,45752.0,134790.0,16443.0,5445.0,219067.0,Pustertal
2013,7.0,5,Summer,3234.0,4959.0,35973.0,49464.0,9687.0,4142.0,107459.0,Salten-Schlern
2013,7.0,6,Summer,4685.0,5155.0,33437.0,8532.0,5084.0,5135.0,62028.0,Uberetsch-Unterland
2013,7.0,7,Summer,3079.0,7101.0,29089.0,18811.0,4492.0,6403.0,68975.0,Vinschgau
2013,7.0,8,Summer,1113.0,4370.0,13155.0,15064.0,3537.0,877.0,38116.0,Wipptal
2013,8.0,1,Summer,2613.0,1207.0,11401.0,7066.0,6631.0,1025.0,29943.0,Bozen
2013,8.0,2,Summer,8193.0,5309.0,125765.0,40553.0,5676.0,11573.0,197069.0,Burggrafenamt
2013,8.0,3,Summer,3253.0,2455.0,34344.0,42478.0,3458.0,1353.0,87341.0,Eisacktal
2013,8.0,4,Summer,4398.0,4781.0,42212.0,219871.0,10445.0,2884.0,284591.0,Pustertal
2013,8.0,5,Summer,3058.0,2588.0,39095.0,94267.0,6507.0,2482.0,147997.0,Salten-Schlern
2013,8.0,6,Summer,5508.0,2684.0,50116.0,11677.0,3610.0,3165.0,76760.0,Uberetsch-Unterland
2013,8.0,7,Summer,3610.0,3757.0,35571.0,36499.0,3315.0,4733.0,87485.0,Vinschgau
2013,8.0,8,Summer,1048.0,1881.0,12985.0,26996.0,1730.0,437.0,45077.0,Wipptal
2013,9.0,1,Autumn,3179.0,681.0,10416.0,8114.0,6324.0,1762.0,30476.0,Bozen
2013,9.0,2,Autumn,9131.0,2282.0,120968.0,11673.0,4380.0,19089.0,167523.0,Burggrafenamt
2013,9.0,3,Autumn,4291.0,1114.0,43336.0,8993.0,3238.0,2514.0,63486.0,Eisacktal
2013,9.0,4,Autumn,6524.0,2671.0,63972.0,48364.0,8557.0,4686.0,134774.0,Pustertal
2013,9.0,5,Autumn,4674.0,1610.0,50749.0,18817.0,5777.0,4740.0,86367.0,Salten-Schlern
2013,9.0,6,Autumn,6360.0,857.0,44118.0,6501.0,2364.0,5108.0,65308.0,Uberetsch-Unterland
2013,9.0,7,Autumn,2723.0,1659.0,33119.0,8427.0,2870.0,6240.0,55038.0,Vinschgau
2013,9.0,8,Autumn,1576.0,866.0,17796.0,7508.0,1496.0,623.0,29865.0,Wipptal
2013,10.0,1,Autumn,3460.0,218.0,8585.0,7068.0,3880.0,1424.0,24635.0,Bozen
2013,10.0,2,Autumn,11462.0,693.0,98928.0,10810.0,2556.0,19683.0,144132.0,Burggrafenamt
2013,10.0,3,Autumn,5045.0,368.0,36922.0,7565.0,1401.0,2352.0,53653.0,Eisacktal
2013,10.0,4,Autumn,3722.0,354.0,34453.0,16381.0,1702.0,3119.0,59731.0,Pustertal
2013,10.0,5,Autumn,3246.0,400.0,31828.0,9340.0,1669.0,3853.0,50336.0,Salten-Schlern
2013,10.0,6,Autumn,6140.0,328.0,32802.0,5143.0,1319.0,3673.0,49405.0,Uberetsch-Unterland
2013,10.0,7,Autumn,1708.0,222.0,18068.0,7972.0,1944.0,4942.0,34856.0,Vinschgau
2013,10.0,8,Autumn,1350.0,168.0,14831.0,4885.0,710.0,628.0,22572.0,Wipptal
2013,11.0,1,Autumn,1536.0,100.0,2678.0,11048.0,1585.0,665.0,17612.0,Bozen
2013,11.0,2,Autumn,3729.0,125.0,9511.0,23045.0,1459.0,3629.0,41498.0,Burggrafenamt
2013,11.0,3,Autumn,2446.0,79.0,4657.0,9435.0,648.0,319.0,17584.0,Eisacktal
2013,11.0,4,Autumn,1071.0,60.0,3571.0,15763.0,686.0,324.0,21475.0,Pustertal
2013,11.0,5,Autumn,699.0,79.0,2113.0,9156.0,302.0,256.0,12605.0,Salten-Schlern
2013,11.0,6,Autumn,1350.0,76.0,3200.0,7396.0,1079.0,363.0,13464.0,Uberetsch-Unterland
2013,11.0,7,Autumn,562.0,45.0,2683.0,6418.0,1289.0,618.0,11615.0,Vinschgau
2013,11.0,8,Autumn,802.0,187.0,2145.0,7865.0,305.0,195.0,11499.0,Wipptal
2013,12.0,1,Winter,767.0,128.0,2405.0,22326.0,2205.0,545.0,28376.0,Bozen
2013,12.0,2,Winter,1310.0,389.0,12921.0,46382.0,2101.0,2732.0,65835.0,Burggrafenamt
2013,12.0,3,Winter,1151.0,674.0,15150.0,31103.0,3279.0,1080.0,52437.0,Eisacktal
2013,12.0,4,Winter,2540.0,4098.0,41961.0,117764.0,21262.0,1918.0,189543.0,Pustertal
2013,12.0,5,Winter,1301.0,3478.0,23008.0,55019.0,11178.0,1707.0,95691.0,Salten-Schlern
2013,12.0,6,Winter,781.0,161.0,3285.0,14379.0,843.0,446.0,19895.0,Uberetsch-Unterland
2013,12.0,7,Winter,428.0,1030.0,13904.0,8049.0,1923.0,1251.0,26585.0,Vinschgau
2013,12.0,8,Winter,499.0,495.0,11414.0,21181.0,966.0,329.0,34884.0,Wipptal
2014,1.0,1,Winter,751.0,56.0,1981.0,11266.0,1924.0,195.0,16173.0,Bozen
2014,1.0,2,Winter,874.0,121.0,6084.0,18506.0,1369.0,952.0,27906.0,Burggrafenamt
2014,1.0,3,Winter,1037.0,584.0,22536.0,17563.0,3813.0,853.0,46386.0,Eisacktal
2014,1.0,4,Winter,4418.0,4630.0,68193.0,97150.0,35462.0,2088.0,211941.0,Pustertal
2014,1.0,5,Winter,1887.0,4366.0,32263.0,42105.0,24674.0,2123.0,107418.0,Salten-Schlern
2014,1.0,6,Winter,174.0,29.0,2035.0,6731.0,949.0,162.0,10080.0,Uberetsch-Unterland
2014,1.0,7,Winter,511.0,601.0,14141.0,6109.0,2323.0,2085.0,25770.0,Vinschgau
2014,1.0,8,Winter,552.0,407.0,18415.0,10924.0,1413.0,382.0,32093.0,Wipptal
2014,2.0,1,Winter,716.0,212.0,1736.0,6882.0,1908.0,272.0,11726.0,Bozen
2014,2.0,2,Winter,1195.0,528.0,7589.0,9807.0,1502.0,1244.0,21865.0,Burggrafenamt
2014,2.0,3,Winter,1577.0,1838.0,26266.0,11887.0,7707.0,1419.0,50694.0,Eisacktal
2014,2.0,4,Winter,8263.0,7152.0,75397.0,83052.0,37748.0,2611.0,214223.0,Pustertal
2014,2.0,5,Winter,3380.0,9136.0,41672.0,37508.0,26868.0,2511.0,121075.0,Salten-Schlern
2014,2.0,6,Winter,305.0,95.0,2067.0,3545.0,1486.0,183.0,7681.0,Uberetsch-Unterland
2014,2.0,7,Winter,1011.0,2540.0,17504.0,4520.0,3894.0,2918.0,32387.0,Vinschgau
2014,2.0,8,Winter,1005.0,1300.0,18696.0,8535.0,2032.0,569.0,32137.0,Wipptal
2014,3.0,1,Spring,1157.0,168.0,3536.0,8405.0,1646.0,429.0,15341.0,Bozen
2014,3.0,2,Spring,2382.0,326.0,18408.0,11374.0,1741.0,3039.0,37270.0,Burggrafenamt
2014,3.0,3,Spring,1416.0,1650.0,26290.0,10899.0,5558.0,712.0,46525.0,Eisacktal
2014,3.0,4,Spring,6474.0,9450.0,84561.0,74781.0,22733.0,2337.0,200336.0,Pustertal
2014,3.0,5,Spring,3026.0,7618.0,46991.0,37103.0,17653.0,2480.0,114871.0,Salten-Schlern
2014,3.0,6,Spring,983.0,316.0,4946.0,5874.0,1253.0,416.0,13788.0,Uberetsch-Unterland
2014,3.0,7,Spring,1192.0,1628.0,23403.0,5475.0,3911.0,2316.0,37925.0,Vinschgau
2014,3.0,8,Spring,750.0,594.0,21665.0,7553.0,1733.0,319.0,32614.0,Wipptal
2014,4.0,1,Spring,1938.0,264.0,7212.0,7160.0,2969.0,1110.0,20653.0,Bozen
2014,4.0,2,Spring,7714.0,906.0,74911.0,13157.0,2692.0,19418.0,118798.0,Burggrafenamt
2014,4.0,3,Spring,1626.0,537.0,16540.0,6703.0,1280.0,1271.0,27957.0,Eisacktal
2014,4.0,4,Spring,2091.0,3093.0,18889.0,15573.0,1846.0,1053.0,42545.0,Pustertal
2014,4.0,5,Spring,857.0,296.0,9495.0,5798.0,922.0,752.0,18120.0,Salten-Schlern
2014,4.0,6,Spring,3446.0,521.0,23872.0,5767.0,1660.0,3779.0,39045.0,Uberetsch-Unterland
2014,4.0,7,Spring,1641.0,932.0,21327.0,5448.0,1636.0,4252.0,35236.0,Vinschgau
2014,4.0,8,Spring,618.0,417.0,11381.0,5575.0,1050.0,349.0,19390.0,Wipptal
2014,5.0,1,Spring,2456.0,616.0,7743.0,7946.0,4564.0,1447.0,24772.0,Bozen
2014,5.0,2,Spring,9825.0,1710.0,75866.0,11302.0,3574.0,19713.0,121990.0,Burggrafenamt
2014,5.0,3,Spring,2595.0,733.0,22254.0,6367.0,2266.0,1316.0,35531.0,Eisacktal
2014,5.0,4,Spring,2795.0,660.0,17739.0,19148.0,1869.0,1696.0,43907.0,Pustertal
2014,5.0,5,Spring,2031.0,490.0,15806.0,7019.0,1885.0,1784.0,29015.0,Salten-Schlern
2014,5.0,6,Spring,5025.0,866.0,28043.0,6426.0,2108.0,4519.0,46987.0,Uberetsch-Unterland
2014,5.0,7,Spring,1717.0,965.0,13378.0,4563.0,1182.0,4315.0,26120.0,Vinschgau
2014,5.0,8,Spring,890.0,741.0,10468.0,4657.0,1062.0,411.0,18229.0,Wipptal
2014,6.0,1,Summer,1968.0,1018.0,9064.0,5758.0,5988.0,1138.0,24934.0,Bozen
2014,6.0,2,Summer,7997.0,3627.0,101339.0,10406.0,4839.0,14331.0,142539.0,Burggrafenamt
2014,6.0,3,Summer,2990.0,1673.0,39529.0,8051.0,4036.0,1553.0,57832.0,Eisacktal
2014,6.0,4,Summer,6225.0,3797.0,50253.0,43106.0,9171.0,3102.0,115654.0,Pustertal
2014,6.0,5,Summer,3930.0,2266.0,41623.0,23462.0,6893.0,3489.0,81663.0,Salten-Schlern
2014,6.0,6,Summer,4948.0,1814.0,38487.0,5505.0,2343.0,3345.0,56442.0,Uberetsch-Unterland
2014,6.0,7,Summer,2053.0,2638.0,25915.0,6266.0,2957.0,4576.0,44405.0,Vinschgau
2014,6.0,8,Summer,1081.0,937.0,13942.0,5990.0,2081.0,763.0,24794.0,Wipptal
2014,7.0,1,Summer,2043.0,2566.0,8535.0,6435.0,10281.0,1442.0,31302.0,Bozen
2014,7.0,2,Summer,7191.0,9188.0,86625.0,16989.0,7605.0,19595.0,147193.0,Burggrafenamt
2014,7.0,3,Summer,3141.0,5064.0,31063.0,21295.0,5889.0,2014.0,68466.0,Eisacktal
2014,7.0,4,Summer,5873.0,9510.0,43682.0,132816.0,18290.0,5227.0,215398.0,Pustertal
2014,7.0,5,Summer,3290.0,4976.0,35247.0,47841.0,10729.0,4424.0,106507.0,Salten-Schlern
2014,7.0,6,Summer,4452.0,4935.0,31262.0,7830.0,4731.0,5370.0,58580.0,Uberetsch-Unterland
2014,7.0,7,Summer,2585.0,6266.0,26337.0,16480.0,4012.0,6296.0,61976.0,Vinschgau
2014,7.0,8,Summer,1233.0,4551.0,12860.0,13981.0,3782.0,756.0,37163.0,Wipptal
2014,8.0,1,Summer,2465.0,1566.0,13761.0,6978.0,7812.0,1283.0,33865.0,Bozen
2014,8.0,2,Summer,8782.0,6098.0,137476.0,35182.0,6468.0,12693.0,206699.0,Burggrafenamt
2014,8.0,3,Summer,3155.0,3128.0,40278.0,37838.0,3843.0,1265.0,89507.0,Eisacktal
2014,8.0,4,Summer,4899.0,4375.0,48651.0,198358.0,12106.0,2827.0,271216.0,Pustertal
2014,8.0,5,Summer,3172.0,2888.0,46030.0,84276.0,6907.0,2675.0,145948.0,Salten-Schlern
2014,8.0,6,Summer,6017.0,3128.0,52255.0,10273.0,3474.0,3612.0,78759.0,Uberetsch-Unterland
2014,8.0,7,Summer,3449.0,3901.0,38137.0,30450.0,3412.0,4622.0,83971.0,Vinschgau
2014,8.0,8,Summer,1064.0,2339.0,16408.0,24734.0,2308.0,505.0,47358.0,Wipptal
2014,9.0,1,Autumn,3720.0,660.0,10962.0,7495.0,6465.0,1579.0,30881.0,Bozen
2014,9.0,2,Autumn,9076.0,1919.0,114679.0,11601.0,4804.0,18779.0,160858.0,Burggrafenamt
2014,9.0,3,Autumn,3857.0,1033.0,43105.0,8424.0,3469.0,2321.0,62209.0,Eisacktal
2014,9.0,4,Autumn,6510.0,2529.0,63284.0,43344.0,9371.0,4351.0,129389.0,Pustertal
2014,9.0,5,Autumn,4504.0,1855.0,50651.0,16022.0,6276.0,4496.0,83804.0,Salten-Schlern
2014,9.0,6,Autumn,6967.0,991.0,43431.0,6062.0,2278.0,4767.0,64496.0,Uberetsch-Unterland
2014,9.0,7,Autumn,2477.0,1740.0,30553.0,8063.0,2938.0,5787.0,51558.0,Vinschgau
2014,9.0,8,Autumn,1130.0,681.0,19391.0,7243.0,1646.0,818.0,30909.0,Wipptal
2014,10.0,1,Autumn,3690.0,177.0,9110.0,7912.0,3968.0,1397.0,26254.0,Bozen
2014,10.0,2,Autumn,12317.0,714.0,102019.0,12648.0,2939.0,20832.0,151469.0,Burggrafenamt
2014,10.0,3,Autumn,5353.0,419.0,38321.0,8685.0,1689.0,2497.0,56964.0,Eisacktal
2014,10.0,4,Autumn,5072.0,403.0,39339.0,20255.0,2318.0,3575.0,70962.0,Pustertal
2014,10.0,5,Autumn,3976.0,383.0,35488.0,10860.0,2513.0,4091.0,57311.0,Salten-Schlern
2014,10.0,6,Autumn,6091.0,270.0,34501.0,5386.0,1518.0,3880.0,51646.0,Uberetsch-Unterland
2014,10.0,7,Autumn,1883.0,242.0,18757.0,7725.0,1985.0,5187.0,35779.0,Vinschgau
2014,10.0,8,Autumn,1663.0,191.0,16823.0,5437.0,992.0,824.0,25930.0,Wipptal
2014,11.0,1,Autumn,1464.0,193.0,3153.0,12346.0,2615.0,459.0,20230.0,Bozen
2014,11.0,2,Autumn,3474.0,178.0,8392.0,23959.0,1895.0,3793.0,41691.0,Burggrafenamt
2014,11.0,3,Autumn,2321.0,75.0,4201.0,7769.0,1096.0,460.0,15922.0,Eisacktal
2014,11.0,4,Autumn,1156.0,42.0,3376.0,14045.0,674.0,311.0,19604.0,Pustertal
2014,11.0,5,Autumn,783.0,47.0,1667.0,8994.0,601.0,289.0,12381.0,Salten-Schlern
2014,11.0,6,Autumn,1435.0,149.0,2449.0,8027.0,1461.0,366.0,13887.0,Uberetsch-Unterland
2014,11.0,7,Autumn,514.0,60.0,2399.0,6651.0,1309.0,494.0,11427.0,Vinschgau
2014,11.0,8,Autumn,915.0,41.0,2388.0,7845.0,620.0,161.0,11970.0,Wipptal
2014,12.0,1,Winter,828.0,166.0,2584.0,22487.0,2324.0,578.0,28967.0,Bozen
2014,12.0,2,Winter,1821.0,521.0,13569.0,54161.0,2411.0,3151.0,75634.0,Burggrafenamt
2014,12.0,3,Winter,1057.0,711.0,15723.0,31959.0,2658.0,940.0,53048.0,Eisacktal
2014,12.0,4,Winter,2401.0,3809.0,39908.0,121640.0,16526.0,2101.0,186385.0,Pustertal
2014,12.0,5,Winter,1161.0,3560.0,22651.0,59598.0,10712.0,1776.0,99458.0,Salten-Schlern
2014,12.0,6,Winter,739.0,87.0,3587.0,18044.0,1044.0,514.0,24015.0,Uberetsch-Unterland
2014,12.0,7,Winter,585.0,1341.0,14956.0,11014.0,2387.0,1503.0,31786.0,Vinschgau
2014,12.0,8,Winter,546.0,377.0,9701.0,24710.0,938.0,302.0,36574.0,Wipptal
2015,1.0,1,Winter,608.0,80.0,1745.0,11649.0,1973.0,213.0,16268.0,Bozen
2015,1.0,2,Winter,804.0,173.0,6690.0,20366.0,1364.0,1104.0,30501.0,Burggrafenamt
2015,1.0,3,Winter,1010.0,700.0,23927.0,18079.0,3865.0,1152.0,48733.0,Eisacktal
2015,1.0,4,Winter,5452.0,4967.0,75600.0,102030.0,39757.0,2506.0,230312.0,Pustertal
2015,1.0,5,Winter,2236.0,5639.0,35566.0,44476.0,27144.0,2625.0,117686.0,Salten-Schlern
2015,1.0,6,Winter,170.0,19.0,2407.0,7466.0,853.0,116.0,11031.0,Uberetsch-Unterland
2015,1.0,7,Winter,533.0,562.0,16797.0,6755.0,3857.0,2345.0,30849.0,Vinschgau
2015,1.0,8,Winter,528.0,365.0,18001.0,11607.0,1442.0,389.0,32332.0,Wipptal
2015,2.0,1,Winter,811.0,331.0,2180.0,7039.0,1869.0,204.0,12434.0,Bozen
2015,2.0,2,Winter,1244.0,633.0,10815.0,11748.0,1611.0,1776.0,27827.0,Burggrafenamt
2015,2.0,3,Winter,1296.0,3030.0,28378.0,13964.0,7081.0,1387.0,55136.0,Eisacktal
2015,2.0,4,Winter,6057.0,12534.0,85013.0,98773.0,36020.0,3156.0,241553.0,Pustertal
2015,2.0,5,Winter,2392.0,11820.0,46428.0,40452.0,23890.0,2911.0,127893.0,Salten-Schlern
2015,2.0,6,Winter,301.0,247.0,2824.0,4070.0,1289.0,274.0,9005.0,Uberetsch-Unterland
2015,2.0,7,Winter,849.0,3560.0,21876.0,4934.0,3734.0,2940.0,37893.0,Vinschgau
2015,2.0,8,Winter,790.0,1668.0,20441.0,9617.0,1811.0,638.0,34965.0,Wipptal
2015,3.0,1,Spring,1482.0,214.0,4508.0,9285.0,1894.0,443.0,17826.0,Bozen
2015,3.0,2,Spring,3364.0,281.0,25642.0,10270.0,1864.0,3872.0,45293.0,Burggrafenamt
2015,3.0,3,Spring,1544.0,486.0,20102.0,10651.0,4043.0,659.0,37485.0,Eisacktal
2015,3.0,4,Spring,6014.0,4680.0,68730.0,60578.0,21187.0,1925.0,163114.0,Pustertal
2015,3.0,5,Spring,3134.0,5206.0,37403.0,31526.0,15265.0,2073.0,94607.0,Salten-Schlern
2015,3.0,6,Spring,1344.0,55.0,6957.0,5087.0,1325.0,533.0,15301.0,Uberetsch-Unterland
2015,3.0,7,Spring,1418.0,632.0,23285.0,5414.0,3828.0,2580.0,37157.0,Vinschgau
2015,3.0,8,Spring,943.0,254.0,18620.0,7086.0,1432.0,405.0,28740.0,Wipptal
2015,4.0,1,Spring,1852.0,262.0,7087.0,7595.0,3211.0,1057.0,21064.0,Bozen
2015,4.0,2,Spring,8017.0,859.0,69840.0,14963.0,2491.0,22314.0,118484.0,Burggrafenamt
2015,4.0,3,Spring,1341.0,334.0,13950.0,6853.0,1318.0,1120.0,24916.0,Eisacktal
2015,4.0,4,Spring,1509.0,4081.0,15958.0,23398.0,2502.0,1052.0,48500.0,Pustertal
2015,4.0,5,Spring,791.0,684.0,10613.0,11002.0,1878.0,963.0,25931.0,Salten-Schlern
2015,4.0,6,Spring,3103.0,430.0,22787.0,6591.0,1511.0,4028.0,38450.0,Uberetsch-Unterland
2015,4.0,7,Spring,1407.0,925.0,16053.0,5084.0,1819.0,4392.0,29680.0,Vinschgau
2015,4.0,8,Spring,669.0,400.0,9939.0,5512.0,1231.0,580.0,18331.0,Wipptal
2015,5.0,1,Spring,2437.0,476.0,9770.0,7957.0,4504.0,1130.0,26274.0,Bozen
2015,5.0,2,Spring,9831.0,2030.0,101396.0,13286.0,3792.0,21913.0,152248.0,Burggrafenamt
2015,5.0,3,Spring,2908.0,762.0,28772.0,7468.0,2581.0,1358.0,43849.0,Eisacktal
2015,5.0,4,Spring,3383.0,963.0,25554.0,25046.0,2175.0,2075.0,59196.0,Pustertal
2015,5.0,5,Spring,1861.0,627.0,22631.0,7841.0,2263.0,1982.0,37205.0,Salten-Schlern
2015,5.0,6,Spring,5339.0,985.0,36671.0,6604.0,2250.0,4651.0,56500.0,Uberetsch-Unterland
2015,5.0,7,Spring,1703.0,843.0,18546.0,4053.0,1082.0,5105.0,31332.0,Vinschgau
2015,5.0,8,Spring,1075.0,785.0,13447.0,5197.0,1581.0,674.0,22759.0,Wipptal
2015,6.0,1,Summer,2322.0,790.0,8870.0,6583.0,6382.0,1249.0,26196.0,Bozen
2015,6.0,2,Summer,8313.0,3416.0,91206.0,10470.0,5903.0,15260.0,134568.0,Burggrafenamt
2015,6.0,3,Summer,3012.0,1464.0,33412.0,8770.0,4396.0,1568.0,52622.0,Eisacktal
2015,6.0,4,Summer,5460.0,3737.0,44798.0,46665.0,10732.0,3007.0,114399.0,Pustertal
2015,6.0,5,Summer,3520.0,2225.0,37210.0,21445.0,7546.0,3592.0,75538.0,Salten-Schlern
2015,6.0,6,Summer,4965.0,2146.0,32552.0,5900.0,2923.0,3435.0,51921.0,Uberetsch-Unterland
2015,6.0,7,Summer,2040.0,2247.0,23084.0,6442.0,3504.0,4444.0,41761.0,Vinschgau
2015,6.0,8,Summer,1130.0,1210.0,13619.0,5563.0,2695.0,616.0,24833.0,Wipptal
2015,7.0,1,Summer,2094.0,2407.0,9565.0,6773.0,9512.0,1520.0,31871.0,Bozen
2015,7.0,2,Summer,7606.0,9050.0,93381.0,20136.0,8308.0,20408.0,158889.0,Burggrafenamt
2015,7.0,3,Summer,3192.0,5270.0,34690.0,23338.0,6731.0,2405.0,75626.0,Eisacktal
2015,7.0,4,Summer,6307.0,10751.0,49356.0,164909.0,21173.0,5882.0,258378.0,Pustertal
2015,7.0,5,Summer,3524.0,5372.0,37638.0,58301.0,13515.0,4653.0,123003.0,Salten-Schlern
2015,7.0,6,Summer,5069.0,4733.0,31893.0,8245.0,5704.0,5133.0,60777.0,Uberetsch-Unterland
2015,7.0,7,Summer,3139.0,6550.0,28948.0,19988.0,4759.0,7384.0,70768.0,Vinschgau
2015,7.0,8,Summer,1348.0,4858.0,15911.0,16766.0,4283.0,1073.0,44239.0,Wipptal
2015,8.0,1,Summer,2765.0,1496.0,12962.0,7925.0,7362.0,1456.0,33966.0,Bozen
2015,8.0,2,Summer,8916.0,6228.0,135752.0,41291.0,6503.0,12835.0,211525.0,Burggrafenamt
2015,8.0,3,Summer,3130.0,3034.0,41636.0,43648.0,4829.0,1518.0,97795.0,Eisacktal
2015,8.0,4,Summer,5545.0,4262.0,52150.0,232914.0,13932.0,3511.0,312314.0,Pustertal
2015,8.0,5,Summer,3333.0,3000.0,45017.0,96613.0,8551.0,2971.0,159485.0,Salten-Schlern
2015,8.0,6,Summer,6353.0,2808.0,50756.0,11842.0,4070.0,3256.0,79085.0,Uberetsch-Unterland
2015,8.0,7,Summer,3603.0,3627.0,38836.0,35713.0,4705.0,5127.0,91611.0,Vinschgau
2015,8.0,8,Summer,1217.0,2068.0,17627.0,27474.0,2803.0,499.0,51688.0,Wipptal
2015,9.0,1,Autumn,3396.0,615.0,11661.0,7050.0,6308.0,1685.0,30715.0,Bozen
2015,9.0,2,Autumn,9941.0,2216.0,119317.0,11535.0,5418.0,20182.0,168609.0,Burggrafenamt
2015,9.0,3,Autumn,4313.0,1240.0,45847.0,9145.0,3799.0,2457.0,66801.0,Eisacktal
2015,9.0,4,Autumn,7575.0,2764.0,65564.0,50198.0,11526.0,4823.0,142450.0,Pustertal
2015,9.0,5,Autumn,4630.0,1849.0,51962.0,18376.0,7816.0,4598.0,89231.0,Salten-Schlern
2015,9.0,6,Autumn,7257.0,1095.0,44117.0,6285.0,2632.0,5017.0,66403.0,Uberetsch-Unterland
2015,9.0,7,Autumn,2742.0,1812.0,32213.0,7481.0,3266.0,6523.0,54037.0,Vinschgau
2015,9.0,8,Autumn,1296.0,871.0,19943.0,9371.0,1774.0,771.0,34026.0,Wipptal
2015,10.0,1,Autumn,3600.0,221.0,8725.0,8509.0,3790.0,1399.0,26244.0,Bozen
2015,10.0,2,Autumn,14809.0,728.0,96541.0,12884.0,3171.0,22555.0,150688.0,Burggrafenamt
2015,10.0,3,Autumn,6305.0,374.0,36461.0,9458.0,2637.0,2955.0,58190.0,Eisacktal
2015,10.0,4,Autumn,5217.0,369.0,33735.0,18897.0,2281.0,3840.0,64339.0,Pustertal
2015,10.0,5,Autumn,3618.0,456.0,29205.0,10311.0,2543.0,3826.0,49959.0,Salten-Schlern
2015,10.0,6,Autumn,7103.0,294.0,32715.0,5565.0,1426.0,4149.0,51252.0,Uberetsch-Unterland
2015,10.0,7,Autumn,2660.0,215.0,16047.0,7638.0,2007.0,5895.0,34462.0,Vinschgau
2015,10.0,8,Autumn,2071.0,207.0,14193.0,7027.0,1108.0,1156.0,25762.0,Wipptal
2015,11.0,1,Autumn,1378.0,164.0,3473.0,12622.0,1834.0,455.0,19926.0,Bozen
2015,11.0,2,Autumn,4437.0,152.0,18199.0,24521.0,1783.0,4474.0,53566.0,Burggrafenamt
2015,11.0,3,Autumn,2378.0,84.0,7613.0,9468.0,816.0,464.0,20823.0,Eisacktal
2015,11.0,4,Autumn,1498.0,53.0,5269.0,14585.0,798.0,494.0,22697.0,Pustertal
2015,11.0,5,Autumn,919.0,68.0,4047.0,10014.0,550.0,388.0,15986.0,Salten-Schlern
2015,11.0,6,Autumn,1514.0,86.0,5082.0,8523.0,947.0,493.0,16645.0,Uberetsch-Unterland
2015,11.0,7,Autumn,749.0,84.0,3930.0,8017.0,1440.0,771.0,14991.0,Vinschgau
2015,11.0,8,Autumn,1110.0,107.0,3504.0,9846.0,534.0,243.0,15344.0,Wipptal
2015,12.0,1,Winter,1008.0,115.0,2692.0,22958.0,2294.0,534.0,29601.0,Bozen
2015,12.0,2,Winter,1833.0,459.0,14713.0,58561.0,2324.0,3558.0,81448.0,Burggrafenamt
2015,12.0,3,Winter,1163.0,610.0,14921.0,36448.0,2837.0,1152.0,57131.0,Eisacktal
2015,12.0,4,Winter,2502.0,3582.0,36126.0,135040.0,18924.0,2040.0,198214.0,Pustertal
2015,12.0,5,Winter,1508.0,3685.0,20370.0,63430.0,9982.0,2034.0,101009.0,Salten-Schlern
2015,12.0,6,Winter,1168.0,96.0,3870.0,19950.0,1051.0,745.0,26880.0,Uberetsch-Unterland
2015,12.0,7,Winter,519.0,1382.0,13094.0,10859.0,2717.0,1566.0,30137.0,Vinschgau
2015,12.0,8,Winter,691.0,516.0,9381.0,24383.0,1467.0,427.0,36865.0,Wipptal
2016,1.0,1,Winter,803.0,120.0,1781.0,12523.0,1888.0,260.0,17375.0,Bozen
2016,1.0,2,Winter,1029.0,194.0,8624.0,22396.0,1486.0,1292.0,35021.0,Burggrafenamt
2016,1.0,3,Winter,1200.0,669.0,26851.0,18946.0,4172.0,1135.0,52973.0,Eisacktal
2016,1.0,4,Winter,5735.0,5095.0,81624.0,114031.0,41465.0,2722.0,250672.0,Pustertal
2016,1.0,5,Winter,2379.0,5766.0,39854.0,49666.0,26489.0,2742.0,126896.0,Salten-Schlern
2016,1.0,6,Winter,161.0,98.0,2505.0,7638.0,1115.0,95.0,11612.0,Uberetsch-Unterland
2016,1.0,7,Winter,734.0,633.0,18833.0,7111.0,3477.0,2401.0,33189.0,Vinschgau
2016,1.0,8,Winter,659.0,446.0,18741.0,12507.0,1436.0,497.0,34286.0,Wipptal
2016,2.0,1,Winter,913.0,234.0,2546.0,9552.0,2102.0,264.0,15611.0,Bozen
2016,2.0,2,Winter,1262.0,550.0,10419.0,12432.0,1606.0,1765.0,28034.0,Burggrafenamt
2016,2.0,3,Winter,1628.0,2886.0,29202.0,15124.0,8297.0,1779.0,58916.0,Eisacktal
2016,2.0,4,Winter,5547.0,12791.0,83737.0,103047.0,39828.0,3459.0,248409.0,Pustertal
2016,2.0,5,Winter,2481.0,12222.0,46038.0,44124.0,26138.0,3642.0,134645.0,Salten-Schlern
2016,2.0,6,Winter,257.0,256.0,2931.0,4322.0,1423.0,200.0,9389.0,Uberetsch-Unterland
2016,2.0,7,Winter,933.0,3594.0,21890.0,5501.0,4436.0,3426.0,39780.0,Vinschgau
2016,2.0,8,Winter,856.0,1696.0,20382.0,10200.0,2139.0,777.0,36050.0,Wipptal
2016,3.0,1,Spring,1503.0,188.0,6732.0,8565.0,2522.0,659.0,20169.0,Bozen
2016,3.0,2,Spring,4067.0,441.0,45148.0,14650.0,2145.0,7379.0,73830.0,Burggrafenamt
2016,3.0,3,Spring,1905.0,1039.0,28271.0,12862.0,5296.0,1004.0,50377.0,Eisacktal
2016,3.0,4,Spring,6401.0,7995.0,86718.0,83094.0,25219.0,2406.0,211833.0,Pustertal
2016,3.0,5,Spring,3098.0,6839.0,49121.0,42334.0,17229.0,2556.0,121177.0,Salten-Schlern
2016,3.0,6,Spring,1214.0,270.0,14155.0,5728.0,1164.0,985.0,23516.0,Uberetsch-Unterland
2016,3.0,7,Spring,1491.0,1027.0,29738.0,6068.0,3661.0,3003.0,44988.0,Vinschgau
2016,3.0,8,Spring,854.0,519.0,21481.0,8813.0,2000.0,468.0,34135.0,Wipptal
2016,4.0,1,Spring,1928.0,299.0,5608.0,9054.0,3024.0,1136.0,21049.0,Bozen
2016,4.0,2,Spring,8798.0,895.0,52761.0,14996.0,2587.0,23097.0,103134.0,Burggrafenamt
2016,4.0,3,Spring,1787.0,373.0,10793.0,6707.0,2027.0,1250.0,22937.0,Eisacktal
2016,4.0,4,Spring,1334.0,1074.0,6671.0,13851.0,1678.0,691.0,25299.0,Pustertal
2016,4.0,5,Spring,762.0,235.0,4538.0,4917.0,849.0,497.0,11798.0,Salten-Schlern
2016,4.0,6,Spring,3335.0,461.0,16720.0,7075.0,1444.0,3857.0,32892.0,Uberetsch-Unterland
2016,4.0,7,Spring,1641.0,939.0,10917.0,4913.0,2193.0,4324.0,24927.0,Vinschgau
2016,4.0,8,Spring,758.0,444.0,6209.0,5179.0,1138.0,374.0,14102.0,Wipptal
2016,5.0,1,Spring,2699.0,538.0,10622.0,7800.0,4771.0,1678.0,28108.0,Bozen
2016,5.0,2,Spring,11781.0,1898.0,121642.0,9201.0,3736.0,23321.0,171579.0,Burggrafenamt
2016,5.0,3,Spring,3060.0,846.0,35855.0,7543.0,4808.0,2167.0,54279.0,Eisacktal
2016,5.0,4,Spring,4220.0,1096.0,33574.0,14186.0,3655.0,2379.0,59110.0,Pustertal
2016,5.0,5,Spring,2749.0,839.0,28714.0,7557.0,3042.0,1774.0,44675.0,Salten-Schlern
2016,5.0,6,Spring,6194.0,922.0,42927.0,5540.0,2209.0,4873.0,62665.0,Uberetsch-Unterland
2016,5.0,7,Spring,2258.0,916.0,24458.0,3301.0,1195.0,5397.0,37525.0,Vinschgau
2016,5.0,8,Spring,1491.0,798.0,16136.0,4462.0,2066.0,896.0,25849.0,Wipptal
2016,6.0,1,Summer,2391.0,944.0,8676.0,7305.0,6043.0,1196.0,26555.0,Bozen
2016,6.0,2,Summer,8116.0,3261.0,87192.0,13104.0,5770.0,14838.0,132281.0,Burggrafenamt
2016,6.0,3,Summer,2912.0,1445.0,33237.0,12290.0,4590.0,1674.0,56148.0,Eisacktal
2016,6.0,4,Summer,4771.0,4568.0,42272.0,55313.0,13955.0,3178.0,124057.0,Pustertal
2016,6.0,5,Summer,3056.0,2366.0,35751.0,24335.0,8666.0,3214.0,77388.0,Salten-Schlern
2016,6.0,6,Summer,4235.0,2195.0,31289.0,5764.0,2915.0,3431.0,49829.0,Uberetsch-Unterland
2016,6.0,7,Summer,2162.0,2812.0,21589.0,7011.0,3002.0,3996.0,40572.0,Vinschgau
2016,6.0,8,Summer,1668.0,1082.0,13227.0,6477.0,2213.0,708.0,25375.0,Wipptal
2016,7.0,1,Summer,2499.0,2274.0,11333.0,7393.0,10485.0,1596.0,35580.0,Bozen
2016,7.0,2,Summer,9527.0,9788.0,117573.0,21306.0,9460.0,24103.0,191757.0,Burggrafenamt
2016,7.0,3,Summer,3547.0,5527.0,43390.0,25419.0,8282.0,2847.0,89012.0,Eisacktal
2016,7.0,4,Summer,7933.0,10563.0,57518.0,176403.0,25197.0,7369.0,284983.0,Pustertal
2016,7.0,5,Summer,4445.0,5419.0,46231.0,66386.0,16374.0,5849.0,144704.0,Salten-Schlern
2016,7.0,6,Summer,5820.0,5275.0,40661.0,9184.0,6504.0,6073.0,73517.0,Uberetsch-Unterland
2016,7.0,7,Summer,3737.0,6891.0,35275.0,20764.0,5456.0,7654.0,79777.0,Vinschgau
2016,7.0,8,Summer,1605.0,5450.0,18882.0,16908.0,4476.0,1032.0,48353.0,Wipptal
2016,8.0,1,Summer,2842.0,1553.0,13459.0,8486.0,8286.0,1330.0,35956.0,Bozen
2016,8.0,2,Summer,9478.0,6889.0,136822.0,40044.0,6802.0,12854.0,212889.0,Burggrafenamt
2016,8.0,3,Summer,3205.0,3362.0,40831.0,43208.0,5087.0,1348.0,97041.0,Eisacktal
2016,8.0,4,Summer,5947.0,4899.0,51526.0,227997.0,15558.0,3388.0,309315.0,Pustertal
2016,8.0,5,Summer,3450.0,3545.0,44884.0,95309.0,9250.0,3260.0,159698.0,Salten-Schlern
2016,8.0,6,Summer,5881.0,3233.0,53046.0,12658.0,4376.0,3261.0,82455.0,Uberetsch-Unterland
2016,8.0,7,Summer,4086.0,4760.0,39697.0,34418.0,3575.0,5237.0,91773.0,Vinschgau
2016,8.0,8,Summer,1142.0,2314.0,17938.0,26601.0,1958.0,480.0,50433.0,Wipptal
2016,9.0,1,Autumn,3548.0,786.0,11651.0,8567.0,6913.0,1757.0,33222.0,Bozen
2016,9.0,2,Autumn,10575.0,2542.0,129308.0,13471.0,5196.0,19674.0,180766.0,Burggrafenamt
2016,9.0,3,Autumn,4832.0,1345.0,49546.0,11333.0,4307.0,2474.0,73837.0,Eisacktal
2016,9.0,4,Autumn,8603.0,3463.0,76189.0,63993.0,13397.0,5499.0,171144.0,Pustertal
2016,9.0,5,Autumn,5476.0,2282.0,58352.0,22666.0,8384.0,4772.0,101932.0,Salten-Schlern
2016,9.0,6,Autumn,7307.0,1191.0,48341.0,6717.0,3009.0,4652.0,71217.0,Uberetsch-Unterland
2016,9.0,7,Autumn,3497.0,2300.0,35981.0,10221.0,3189.0,6310.0,61498.0,Vinschgau
2016,9.0,8,Autumn,1561.0,887.0,21631.0,8926.0,2008.0,860.0,35873.0,Wipptal
2016,10.0,1,Autumn,3742.0,273.0,10177.0,9408.0,3938.0,1694.0,29232.0,Bozen
2016,10.0,2,Autumn,15706.0,949.0,117006.0,16380.0,3412.0,28142.0,181595.0,Burggrafenamt
2016,10.0,3,Autumn,6195.0,425.0,42477.0,10117.0,2068.0,3309.0,64591.0,Eisacktal
2016,10.0,4,Autumn,5442.0,471.0,41915.0,27747.0,3230.0,5025.0,83830.0,Pustertal
2016,10.0,5,Autumn,4292.0,484.0,35903.0,12939.0,3589.0,4365.0,61572.0,Salten-Schlern
2016,10.0,6,Autumn,8190.0,523.0,39348.0,7000.0,1597.0,5471.0,62129.0,Uberetsch-Unterland
2016,10.0,7,Autumn,2594.0,485.0,22189.0,9611.0,2425.0,6584.0,43888.0,Vinschgau
2016,10.0,8,Autumn,2063.0,310.0,16826.0,6887.0,882.0,1550.0,28518.0,Wipptal
2016,11.0,1,Autumn,1654.0,220.0,3465.0,12748.0,2784.0,513.0,21384.0,Bozen
2016,11.0,2,Autumn,4561.0,212.0,13892.0,25654.0,2029.0,4326.0,50674.0,Burggrafenamt
2016,11.0,3,Autumn,2609.0,73.0,5954.0,8741.0,809.0,442.0,18628.0,Eisacktal
2016,11.0,4,Autumn,1420.0,63.0,4306.0,13726.0,1155.0,618.0,21288.0,Pustertal
2016,11.0,5,Autumn,701.0,128.0,2890.0,8842.0,1026.0,468.0,14055.0,Salten-Schlern
2016,11.0,6,Autumn,1549.0,198.0,4502.0,8662.0,1837.0,496.0,17244.0,Uberetsch-Unterland
2016,11.0,7,Autumn,636.0,93.0,3268.0,6832.0,1504.0,595.0,12928.0,Vinschgau
2016,11.0,8,Autumn,986.0,198.0,2740.0,8626.0,492.0,285.0,13327.0,Wipptal
2016,12.0,1,Winter,800.0,125.0,2536.0,23340.0,2680.0,594.0,30075.0,Bozen
2016,12.0,2,Winter,2225.0,402.0,15279.0,60014.0,2465.0,4067.0,84452.0,Burggrafenamt
2016,12.0,3,Winter,1580.0,553.0,14595.0,35065.0,2899.0,1330.0,56022.0,Eisacktal
2016,12.0,4,Winter,3016.0,2884.0,37803.0,139245.0,21251.0,2289.0,206488.0,Pustertal
2016,12.0,5,Winter,1444.0,2723.0,21238.0,64921.0,10660.0,2027.0,103013.0,Salten-Schlern
2016,12.0,6,Winter,1058.0,97.0,3703.0,21070.0,1301.0,655.0,27884.0,Uberetsch-Unterland
2016,12.0,7,Winter,572.0,974.0,13679.0,10051.0,2180.0,1369.0,28825.0,Vinschgau
2016,12.0,8,Winter,650.0,374.0,9857.0,25982.0,1315.0,496.0,38674.0,Wipptal
2017,1.0,1,Winter,642.0,120.0,1799.0,12862.0,2336.0,241.0,18000.0,Bozen
2017,1.0,2,Winter,1021.0,218.0,8002.0,24224.0,1625.0,1324.0,36414.0,Burggrafenamt
2017,1.0,3,Winter,1418.0,787.0,24300.0,20463.0,3742.0,1161.0,51871.0,Eisacktal
2017,1.0,4,Winter,4003.0,5234.0,72354.0,112321.0,42223.0,2803.0,238938.0,Pustertal
2017,1.0,5,Winter,1802.0,5192.0,34496.0,47071.0,25235.0,2757.0,116553.0,Salten-Schlern
2017,1.0,6,Winter,279.0,145.0,2579.0,9466.0,1152.0,133.0,13754.0,Uberetsch-Unterland
2017,1.0,7,Winter,505.0,734.0,16417.0,6399.0,3672.0,2469.0,30196.0,Vinschgau
2017,1.0,8,Winter,564.0,378.0,16598.0,14395.0,1122.0,483.0,33540.0,Wipptal
2017,2.0,1,Winter,758.0,288.0,2299.0,8532.0,2102.0,243.0,14222.0,Bozen
2017,2.0,2,Winter,1351.0,636.0,10944.0,12241.0,1607.0,1662.0,28441.0,Burggrafenamt
2017,2.0,3,Winter,1824.0,3028.0,29693.0,13332.0,9205.0,1869.0,58951.0,Eisacktal
2017,2.0,4,Winter,7657.0,13512.0,85104.0,99695.0,45174.0,3744.0,254886.0,Pustertal
2017,2.0,5,Winter,2811.0,12950.0,46126.0,39939.0,28858.0,3552.0,134236.0,Salten-Schlern
2017,2.0,6,Winter,396.0,202.0,2997.0,5057.0,1387.0,222.0,10261.0,Uberetsch-Unterland
2017,2.0,7,Winter,993.0,3516.0,21420.0,5121.0,4282.0,3142.0,38474.0,Vinschgau
2017,2.0,8,Winter,1054.0,1844.0,20492.0,11271.0,2260.0,869.0,37790.0,Wipptal
2017,3.0,1,Spring,1164.0,228.0,5009.0,8674.0,2344.0,548.0,17967.0,Bozen
2017,3.0,2,Spring,3038.0,267.0,18443.0,11819.0,1829.0,3592.0,38988.0,Burggrafenamt
2017,3.0,3,Spring,1886.0,767.0,22068.0,12471.0,5301.0,934.0,43427.0,Eisacktal
2017,3.0,4,Spring,5591.0,5422.0,65920.0,72924.0,25411.0,2374.0,177642.0,Pustertal
2017,3.0,5,Spring,2576.0,6474.0,35508.0,34313.0,17912.0,2444.0,99227.0,Salten-Schlern
2017,3.0,6,Spring,868.0,113.0,6315.0,5446.0,1339.0,416.0,14497.0,Uberetsch-Unterland
2017,3.0,7,Spring,1337.0,783.0,21349.0,5796.0,4558.0,2475.0,36298.0,Vinschgau
2017,3.0,8,Spring,1022.0,508.0,18603.0,8704.0,1674.0,577.0,31088.0,Wipptal
2017,4.0,1,Spring,2367.0,346.0,9275.0,8654.0,3808.0,1426.0,25876.0,Bozen
2017,4.0,2,Spring,11037.0,1194.0,98521.0,18225.0,3031.0,25016.0,157024.0,Burggrafenamt
2017,4.0,3,Spring,2072.0,775.0,23589.0,10258.0,2131.0,1930.0,40755.0,Eisacktal
2017,4.0,4,Spring,2229.0,4140.0,25576.0,29635.0,2866.0,1483.0,65929.0,Pustertal
2017,4.0,5,Spring,1047.0,613.0,14198.0,7576.0,1394.0,795.0,25623.0,Salten-Schlern
2017,4.0,6,Spring,4871.0,759.0,34097.0,7904.0,2132.0,4108.0,53871.0,Uberetsch-Unterland
2017,4.0,7,Spring,2058.0,1127.0,27703.0,6844.0,2126.0,5730.0,45588.0,Vinschgau
2017,4.0,8,Spring,1174.0,574.0,12448.0,8572.0,1232.0,779.0,24779.0,Wipptal
2017,5.0,1,Spring,2753.0,531.0,8865.0,8209.0,4568.0,1396.0,26322.0,Bozen
2017,5.0,2,Spring,11497.0,1715.0,82694.0,10796.0,3913.0,21778.0,132393.0,Burggrafenamt
2017,5.0,3,Spring,3493.0,704.0,26125.0,6337.0,3223.0,1980.0,41862.0,Eisacktal
2017,5.0,4,Spring,3592.0,1253.0,21700.0,15032.0,4278.0,2350.0,48205.0,Pustertal
2017,5.0,5,Spring,2541.0,825.0,18048.0,7924.0,3449.0,2218.0,35005.0,Salten-Schlern
2017,5.0,6,Spring,6120.0,1030.0,28192.0,6016.0,2357.0,4340.0,48055.0,Uberetsch-Unterland
2017,5.0,7,Spring,2029.0,850.0,15912.0,3267.0,1518.0,4961.0,28537.0,Vinschgau
2017,5.0,8,Spring,1267.0,707.0,10345.0,4863.0,1896.0,751.0,19829.0,Wipptal
2017,6.0,1,Summer,2457.0,848.0,11546.0,7467.0,7372.0,1326.0,31016.0,Bozen
2017,6.0,2,Summer,10221.0,3856.0,125279.0,15369.0,5833.0,15878.0,176436.0,Burggrafenamt
2017,6.0,3,Summer,3949.0,1595.0,47115.0,12114.0,5458.0,1757.0,71988.0,Eisacktal
2017,6.0,4,Summer,7355.0,5814.0,63298.0,79432.0,16391.0,4082.0,176372.0,Pustertal
2017,6.0,5,Summer,3957.0,2735.0,50549.0,31767.0,10829.0,3941.0,103778.0,Salten-Schlern
2017,6.0,6,Summer,5807.0,2741.0,45101.0,6634.0,3292.0,3421.0,66996.0,Uberetsch-Unterland
2017,6.0,7,Summer,3130.0,3508.0,32818.0,8834.0,3419.0,5456.0,57165.0,Vinschgau
2017,6.0,8,Summer,1275.0,1019.0,18569.0,8498.0,2848.0,697.0,32906.0,Wipptal
2017,7.0,1,Summer,2355.0,2192.0,11302.0,7583.0,10470.0,1756.0,35658.0,Bozen
2017,7.0,2,Summer,10462.0,9671.0,123548.0,22789.0,9187.0,23960.0,199617.0,Burggrafenamt
2017,7.0,3,Summer,3838.0,5818.0,45947.0,27633.0,8665.0,3218.0,95119.0,Eisacktal
2017,7.0,4,Summer,7702.0,10098.0,61767.0,188458.0,27139.0,7438.0,302602.0,Pustertal
2017,7.0,5,Summer,4058.0,5982.0,48528.0,69507.0,18294.0,5751.0,152120.0,Salten-Schlern
2017,7.0,6,Summer,5495.0,5487.0,43987.0,10157.0,7565.0,5712.0,78403.0,Uberetsch-Unterland
2017,7.0,7,Summer,3827.0,6840.0,37248.0,21389.0,5876.0,8261.0,83441.0,Vinschgau
2017,7.0,8,Summer,1634.0,4718.0,20542.0,16667.0,4434.0,1238.0,49233.0,Wipptal
2017,8.0,1,Summer,2914.0,1568.0,13159.0,9414.0,8234.0,1427.0,36716.0,Bozen
2017,8.0,2,Summer,10144.0,6852.0,137998.0,43671.0,6981.0,12850.0,218496.0,Burggrafenamt
2017,8.0,3,Summer,3328.0,3232.0,39402.0,47844.0,5704.0,1493.0,101003.0,Eisacktal
2017,8.0,4,Summer,5691.0,5077.0,48915.0,238647.0,17882.0,3512.0,319724.0,Pustertal
2017,8.0,5,Summer,3458.0,3448.0,44045.0,101354.0,10075.0,3001.0,165381.0,Salten-Schlern
2017,8.0,6,Summer,6359.0,3671.0,52866.0,13585.0,4028.0,3190.0,83699.0,Uberetsch-Unterland
2017,8.0,7,Summer,3851.0,4464.0,38864.0,34500.0,3776.0,4898.0,90353.0,Vinschgau
2017,8.0,8,Summer,1379.0,2206.0,17932.0,27165.0,1869.0,603.0,51154.0,Wipptal
2017,9.0,1,Autumn,2855.0,721.0,12972.0,8462.0,6714.0,1519.0,33243.0,Bozen
2017,9.0,2,Autumn,10999.0,2801.0,139678.0,13078.0,5715.0,19875.0,192146.0,Burggrafenamt
2017,9.0,3,Autumn,4948.0,1260.0,52689.0,11988.0,5235.0,2571.0,78691.0,Eisacktal
2017,9.0,4,Autumn,8571.0,3353.0,78298.0,63850.0,14828.0,5565.0,174465.0,Pustertal
2017,9.0,5,Autumn,4811.0,2271.0,61421.0,22876.0,9064.0,4724.0,105167.0,Salten-Schlern
2017,9.0,6,Autumn,7340.0,1188.0,51415.0,6586.0,3000.0,4937.0,74466.0,Uberetsch-Unterland
2017,9.0,7,Autumn,3487.0,2283.0,38589.0,8404.0,3586.0,5917.0,62266.0,Vinschgau
2017,9.0,8,Autumn,1754.0,871.0,23710.0,9502.0,2478.0,771.0,39086.0,Wipptal
2017,10.0,1,Autumn,3700.0,280.0,10737.0,9721.0,3936.0,1676.0,30050.0,Bozen
2017,10.0,2,Autumn,17047.0,957.0,122504.0,13758.0,3454.0,26075.0,183795.0,Burggrafenamt
2017,10.0,3,Autumn,6559.0,510.0,43803.0,9996.0,2602.0,3677.0,67147.0,Eisacktal
2017,10.0,4,Autumn,6786.0,607.0,41383.0,25762.0,3858.0,5223.0,83619.0,Pustertal
2017,10.0,5,Autumn,4714.0,483.0,37180.0,11837.0,4071.0,4179.0,62464.0,Salten-Schlern
2017,10.0,6,Autumn,7964.0,339.0,42667.0,6663.0,2256.0,5189.0,65078.0,Uberetsch-Unterland
2017,10.0,7,Autumn,2768.0,498.0,22416.0,8355.0,2544.0,6989.0,43570.0,Vinschgau
2017,10.0,8,Autumn,2304.0,305.0,16479.0,7351.0,1140.0,1412.0,28991.0,Wipptal
2017,11.0,1,Autumn,1867.0,142.0,3574.0,13315.0,2286.0,557.0,21741.0,Bozen
2017,11.0,2,Autumn,5957.0,181.0,14413.0,27833.0,2203.0,4891.0,55478.0,Burggrafenamt
2017,11.0,3,Autumn,2899.0,89.0,6249.0,10223.0,956.0,526.0,20942.0,Eisacktal
2017,11.0,4,Autumn,1718.0,69.0,4881.0,18379.0,2069.0,759.0,27875.0,Pustertal
2017,11.0,5,Autumn,855.0,46.0,2916.0,10109.0,842.0,451.0,15219.0,Salten-Schlern
2017,11.0,6,Autumn,1799.0,66.0,4356.0,8158.0,1101.0,389.0,15869.0,Uberetsch-Unterland
2017,11.0,7,Autumn,914.0,99.0,3406.0,7472.0,1451.0,818.0,14160.0,Vinschgau
2017,11.0,8,Autumn,1090.0,60.0,2409.0,9032.0,460.0,171.0,13222.0,Wipptal
2017,12.0,1,Winter,793.0,125.0,2643.0,23484.0,2742.0,575.0,30362.0,Bozen
2017,12.0,2,Winter,2485.0,518.0,16671.0,59356.0,2770.0,3898.0,85698.0,Burggrafenamt
2017,12.0,3,Winter,1354.0,660.0,16502.0,36286.0,3505.0,1157.0,59464.0,Eisacktal
2017,12.0,4,Winter,3199.0,3581.0,39717.0,157000.0,24739.0,2266.0,230502.0,Pustertal
2017,12.0,5,Winter,1667.0,3358.0,22324.0,73554.0,12972.0,2409.0,116284.0,Salten-Schlern
2017,12.0,6,Winter,897.0,99.0,3471.0,20353.0,1318.0,552.0,26690.0,Uberetsch-Unterland
2017,12.0,7,Winter,632.0,929.0,13851.0,10746.0,2392.0,1551.0,30101.0,Vinschgau
2017,12.0,8,Winter,693.0,392.0,10195.0,26535.0,1379.0,629.0,39823.0,Wipptal
2018,1.0,1,Winter,762.0,106.0,1920.0,13929.0,2338.0,271.0,19326.0,Bozen
2018,1.0,2,Winter,1275.0,250.0,7745.0,22941.0,2051.0,1326.0,35588.0,Burggrafenamt
2018,1.0,3,Winter,1448.0,644.0,24839.0,21791.0,4622.0,1142.0,54486.0,Eisacktal
2018,1.0,4,Winter,4914.0,4963.0,75880.0,114340.0,48554.0,2942.0,251593.0,Pustertal
2018,1.0,5,Winter,2196.0,6061.0,33782.0,50846.0,26917.0,3115.0,122917.0,Salten-Schlern
2018,1.0,6,Winter,270.0,41.0,2700.0,9125.0,1277.0,110.0,13523.0,Uberetsch-Unterland
2018,1.0,7,Winter,604.0,544.0,15786.0,6798.0,4303.0,2472.0,30507.0,Vinschgau
2018,1.0,8,Winter,705.0,506.0,17290.0,14933.0,1942.0,551.0,35927.0,Wipptal
2018,2.0,1,Winter,807.0,302.0,2363.0,9892.0,2474.0,295.0,16133.0,Bozen
2018,2.0,2,Winter,1622.0,654.0,12862.0,14944.0,2259.0,2041.0,34382.0,Burggrafenamt
2018,2.0,3,Winter,2142.0,3652.0,33766.0,16802.0,8553.0,2003.0,66918.0,Eisacktal
2018,2.0,4,Winter,8461.0,14701.0,96112.0,105979.0,46239.0,4068.0,275560.0,Pustertal
2018,2.0,5,Winter,3010.0,14510.0,51913.0,43999.0,28771.0,3888.0,146091.0,Salten-Schlern
2018,2.0,6,Winter,370.0,224.0,2994.0,5569.0,1891.0,171.0,11219.0,Uberetsch-Unterland
2018,2.0,7,Winter,1166.0,3436.0,24801.0,5802.0,3938.0,3561.0,42704.0,Vinschgau
2018,2.0,8,Winter,1084.0,1719.0,22623.0,12225.0,2225.0,1069.0,40945.0,Wipptal
2018,3.0,1,Spring,1654.0,208.0,6049.0,9600.0,2240.0,609.0,20360.0,Bozen
2018,3.0,2,Spring,4782.0,430.0,44170.0,16151.0,2413.0,6738.0,74684.0,Burggrafenamt
2018,3.0,3,Spring,1816.0,873.0,30042.0,14185.0,5475.0,1073.0,53464.0,Eisacktal
2018,3.0,4,Spring,7274.0,7537.0,89588.0,82636.0,29788.0,2909.0,219732.0,Pustertal
2018,3.0,5,Spring,3067.0,7777.0,50325.0,41427.0,20091.0,2769.0,125456.0,Salten-Schlern
2018,3.0,6,Spring,1741.0,157.0,14188.0,5875.0,1385.0,898.0,24244.0,Uberetsch-Unterland
2018,3.0,7,Spring,1638.0,874.0,29970.0,5347.0,4464.0,3254.0,45547.0,Vinschgau
2018,3.0,8,Spring,1312.0,661.0,23059.0,10312.0,1925.0,679.0,37948.0,Wipptal
2018,4.0,1,Spring,2455.0,245.0,6904.0,9588.0,4195.0,1146.0,24533.0,Bozen
2018,4.0,2,Spring,10627.0,1075.0,64819.0,17746.0,2807.0,22917.0,119991.0,Burggrafenamt
2018,4.0,3,Spring,2122.0,674.0,13889.0,7943.0,2147.0,1250.0,28025.0,Eisacktal
2018,4.0,4,Spring,1959.0,2243.0,11844.0,22604.0,3290.0,815.0,42755.0,Pustertal
2018,4.0,5,Spring,1251.0,566.0,8114.0,8209.0,1796.0,648.0,20584.0,Salten-Schlern
2018,4.0,6,Spring,4624.0,608.0,21556.0,7849.0,2434.0,4112.0,41183.0,Uberetsch-Unterland
2018,4.0,7,Spring,1940.0,899.0,14666.0,6332.0,2280.0,4125.0,30242.0,Vinschgau
2018,4.0,8,Spring,729.0,483.0,7813.0,6594.0,1161.0,443.0,17223.0,Wipptal
2018,5.0,1,Spring,3129.0,557.0,11227.0,10082.0,5176.0,1282.0,31453.0,Bozen
2018,5.0,2,Spring,12271.0,1932.0,118001.0,9888.0,4268.0,21821.0,168181.0,Burggrafenamt
2018,5.0,3,Spring,3420.0,759.0,38941.0,7946.0,3874.0,2027.0,56967.0,Eisacktal
2018,5.0,4,Spring,4611.0,958.0,36444.0,14530.0,5035.0,2407.0,63985.0,Pustertal
2018,5.0,5,Spring,3012.0,746.0,30043.0,6551.0,3280.0,1837.0,45469.0,Salten-Schlern
2018,5.0,6,Spring,5919.0,874.0,44118.0,7549.0,2629.0,4979.0,66068.0,Uberetsch-Unterland
2018,5.0,7,Spring,2437.0,889.0,24880.0,3047.0,1108.0,5738.0,38099.0,Vinschgau
2018,5.0,8,Spring,1538.0,804.0,17379.0,4695.0,1444.0,867.0,26727.0,Wipptal
2018,6.0,1,Summer,2813.0,979.0,10044.0,9085.0,8462.0,1242.0,32625.0,Bozen
2018,6.0,2,Summer,10024.0,4122.0,103987.0,15803.0,7018.0,15684.0,156638.0,Burggrafenamt
2018,6.0,3,Summer,3202.0,1520.0,41058.0,12500.0,5446.0,2061.0,65787.0,Eisacktal
2018,6.0,4,Summer,7422.0,5667.0,53527.0,80431.0,19747.0,4529.0,171323.0,Pustertal
2018,6.0,5,Summer,4106.0,3160.0,42282.0,31743.0,13110.0,4143.0,98544.0,Salten-Schlern
2018,6.0,6,Summer,5615.0,2217.0,37653.0,7157.0,3866.0,3717.0,60225.0,Uberetsch-Unterland
2018,6.0,7,Summer,3156.0,3736.0,26816.0,9249.0,3737.0,5056.0,51750.0,Vinschgau
2018,6.0,8,Summer,1370.0,1354.0,17253.0,8935.0,2535.0,847.0,32294.0,Wipptal
2018,7.0,1,Summer,2297.0,1723.0,11452.0,8171.0,11635.0,1498.0,36776.0,Bozen
2018,7.0,2,Summer,10498.0,9593.0,126762.0,21628.0,10321.0,21118.0,199920.0,Burggrafenamt
2018,7.0,3,Summer,3507.0,5166.0,46018.0,25716.0,9103.0,3019.0,92529.0,Eisacktal
2018,7.0,4,Summer,8545.0,9734.0,63705.0,164957.0,29929.0,7803.0,284673.0,Pustertal
2018,7.0,5,Summer,4441.0,5952.0,48686.0,61876.0,20257.0,5546.0,146758.0,Salten-Schlern
2018,7.0,6,Summer,5444.0,4772.0,44321.0,10239.0,7390.0,5583.0,77749.0,Uberetsch-Unterland
2018,7.0,7,Summer,4184.0,6833.0,39209.0,19776.0,5598.0,8115.0,83715.0,Vinschgau
2018,7.0,8,Summer,1684.0,4353.0,23398.0,17031.0,4564.0,1406.0,52436.0,Wipptal
2018,8.0,1,Summer,2832.0,1630.0,13345.0,9775.0,9110.0,1358.0,38050.0,Bozen
2018,8.0,2,Summer,10469.0,6623.0,134622.0,45784.0,7768.0,12263.0,217529.0,Burggrafenamt
2018,8.0,3,Summer,3223.0,2923.0,39724.0,48821.0,6826.0,1665.0,103182.0,Eisacktal
2018,8.0,4,Summer,6558.0,5390.0,48324.0,237879.0,21456.0,3671.0,323278.0,Pustertal
2018,8.0,5,Summer,3651.0,3509.0,41705.0,101785.0,11948.0,2826.0,165424.0,Salten-Schlern
2018,8.0,6,Summer,6444.0,3209.0,52166.0,13855.0,4662.0,3154.0,83490.0,Uberetsch-Unterland
2018,8.0,7,Summer,4173.0,4233.0,39146.0,34961.0,4216.0,5222.0,91951.0,Vinschgau
2018,8.0,8,Summer,1502.0,1950.0,19364.0,27790.0,1955.0,665.0,53226.0,Wipptal
2018,9.0,1,Autumn,3323.0,659.0,12060.0,8440.0,7944.0,1617.0,34043.0,Bozen
2018,9.0,2,Autumn,11515.0,3095.0,144900.0,14911.0,6301.0,21097.0,201819.0,Burggrafenamt
2018,9.0,3,Autumn,4893.0,1519.0,54229.0,12342.0,6290.0,3385.0,82658.0,Eisacktal
2018,9.0,4,Autumn,9691.0,3835.0,83129.0,75965.0,18459.0,7025.0,198104.0,Pustertal
2018,9.0,5,Autumn,5151.0,2714.0,62187.0,25112.0,12494.0,5302.0,112960.0,Salten-Schlern
2018,9.0,6,Autumn,7789.0,1287.0,51663.0,7534.0,3281.0,5200.0,76754.0,Uberetsch-Unterland
2018,9.0,7,Autumn,3909.0,2048.0,39865.0,10086.0,3506.0,7471.0,66885.0,Vinschgau
2018,9.0,8,Autumn,1640.0,1023.0,25874.0,10353.0,1976.0,1294.0,42160.0,Wipptal
2018,10.0,1,Autumn,4348.0,215.0,9325.0,9657.0,4593.0,1480.0,29618.0,Bozen
2018,10.0,2,Autumn,15369.0,886.0,109604.0,13375.0,3488.0,23557.0,166279.0,Burggrafenamt
2018,10.0,3,Autumn,6368.0,476.0,43382.0,10412.0,3134.0,3535.0,67307.0,Eisacktal
2018,10.0,4,Autumn,7233.0,688.0,39467.0,29137.0,5154.0,5438.0,87117.0,Pustertal
2018,10.0,5,Autumn,4553.0,647.0,35066.0,11921.0,5334.0,4389.0,61910.0,Salten-Schlern
2018,10.0,6,Autumn,7806.0,365.0,37374.0,7024.0,2008.0,4814.0,59391.0,Uberetsch-Unterland
2018,10.0,7,Autumn,2979.0,502.0,20449.0,8026.0,2411.0,6959.0,41326.0,Vinschgau
2018,10.0,8,Autumn,2469.0,252.0,16341.0,6782.0,1065.0,1795.0,28704.0,Wipptal
2018,11.0,1,Autumn,1689.0,198.0,3537.0,14639.0,3112.0,565.0,23740.0,Bozen
2018,11.0,2,Autumn,6325.0,209.0,15428.0,32113.0,2304.0,5172.0,61551.0,Burggrafenamt
2018,11.0,3,Autumn,3036.0,116.0,7345.0,11998.0,997.0,626.0,24118.0,Eisacktal
2018,11.0,4,Autumn,1958.0,84.0,5514.0,25479.0,1947.0,802.0,35784.0,Pustertal
2018,11.0,5,Autumn,906.0,126.0,3353.0,11799.0,1117.0,426.0,17727.0,Salten-Schlern
2018,11.0,6,Autumn,1917.0,169.0,5797.0,9980.0,1872.0,567.0,20302.0,Uberetsch-Unterland
2018,11.0,7,Autumn,924.0,63.0,3634.0,9389.0,1523.0,786.0,16319.0,Vinschgau
2018,11.0,8,Autumn,1348.0,55.0,3460.0,10071.0,515.0,282.0,15731.0,Wipptal
2018,12.0,1,Winter,857.0,150.0,2835.0,23305.0,3428.0,643.0,31218.0,Bozen
2018,12.0,2,Winter,2613.0,637.0,19229.0,53139.0,3104.0,3830.0,82552.0,Burggrafenamt
2018,12.0,3,Winter,1479.0,704.0,18966.0,31430.0,3709.0,1183.0,57471.0,Eisacktal
2018,12.0,4,Winter,3745.0,3745.0,45467.0,141196.0,28078.0,2701.0,224932.0,Pustertal
2018,12.0,5,Winter,1768.0,4169.0,26335.0,64025.0,14558.0,2411.0,113266.0,Salten-Schlern
2018,12.0,6,Winter,927.0,78.0,4905.0,18590.0,1321.0,758.0,26579.0,Uberetsch-Unterland
2018,12.0,7,Winter,659.0,1125.0,16255.0,9317.0,3033.0,1505.0,31894.0,Vinschgau
2018,12.0,8,Winter,834.0,540.0,12093.0,23320.0,1653.0,516.0,38956.0,Wipptal
2019,1.0,1,Winter,681.0,161.0,1796.0,14005.0,2556.0,240.0,19439.0,Bozen
2019,1.0,2,Winter,1045.0,212.0,7592.0,21583.0,2047.0,1331.0,33810.0,Burggrafenamt
2019,1.0,3,Winter,1517.0,693.0,24170.0,19688.0,4993.0,1157.0,52218.0,Eisacktal
2019,1.0,4,Winter,5148.0,4791.0,72654.0,104739.0,49319.0,2951.0,239602.0,Pustertal
2019,1.0,5,Winter,2411.0,6059.0,32685.0,45237.0,28584.0,2998.0,117974.0,Salten-Schlern
2019,1.0,6,Winter,334.0,73.0,2661.0,9626.0,1389.0,182.0,14265.0,Uberetsch-Unterland
2019,1.0,7,Winter,605.0,684.0,15492.0,6427.0,3941.0,2564.0,29713.0,Vinschgau
2019,1.0,8,Winter,934.0,512.0,17060.0,14823.0,1607.0,744.0,35680.0,Wipptal
2019,2.0,1,Winter,847.0,226.0,2320.0,10023.0,2547.0,274.0,16237.0,Bozen
2019,2.0,2,Winter,2207.0,683.0,10035.0,14092.0,2391.0,2071.0,31479.0,Burggrafenamt
2019,2.0,3,Winter,2056.0,3123.0,29162.0,16358.0,10319.0,2193.0,63211.0,Eisacktal
2019,2.0,4,Winter,9853.0,9488.0,78695.0,103071.0,58076.0,3900.0,263083.0,Pustertal
2019,2.0,5,Winter,3562.0,12156.0,42781.0,42246.0,33216.0,3342.0,137303.0,Salten-Schlern
2019,2.0,6,Winter,462.0,138.0,2839.0,5707.0,1852.0,164.0,11162.0,Uberetsch-Unterland
2019,2.0,7,Winter,1485.0,2640.0,20809.0,5936.0,5171.0,3702.0,39743.0,Vinschgau
2019,2.0,8,Winter,1358.0,1236.0,19352.0,11460.0,2922.0,1036.0,37364.0,Wipptal
2019,3.0,1,Spring,1595.0,268.0,5281.0,10115.0,3254.0,514.0,21027.0,Bozen
2019,3.0,2,Spring,3485.0,367.0,26496.0,15793.0,2335.0,4579.0,53055.0,Burggrafenamt
2019,3.0,3,Spring,1800.0,1689.0,28464.0,13309.0,5139.0,749.0,51150.0,Eisacktal
2019,3.0,4,Spring,6755.0,12148.0,85609.0,78888.0,27759.0,3114.0,214273.0,Pustertal
2019,3.0,5,Spring,3079.0,9755.0,47099.0,39378.0,17671.0,3126.0,120108.0,Salten-Schlern
2019,3.0,6,Spring,1121.0,241.0,7309.0,6681.0,1547.0,471.0,17370.0,Uberetsch-Unterland
2019,3.0,7,Spring,1777.0,1674.0,28684.0,7269.0,4752.0,3102.0,47258.0,Vinschgau
2019,3.0,8,Spring,1087.0,965.0,22823.0,9800.0,1738.0,825.0,37238.0,Wipptal
2019,4.0,1,Spring,2194.0,323.0,8139.0,9323.0,4473.0,1069.0,25521.0,Bozen
2019,4.0,2,Spring,9953.0,1167.0,90999.0,17120.0,3731.0,22378.0,145348.0,Burggrafenamt
2019,4.0,3,Spring,1871.0,820.0,20427.0,8669.0,2894.0,1452.0,36133.0,Eisacktal
2019,4.0,4,Spring,2586.0,4731.0,23075.0,28838.0,4071.0,1674.0,64975.0,Pustertal
2019,4.0,5,Spring,1283.0,517.0,12177.0,7669.0,1992.0,809.0,24447.0,Salten-Schlern
2019,4.0,6,Spring,4189.0,684.0,30752.0,7931.0,2195.0,4018.0,49769.0,Uberetsch-Unterland
2019,4.0,7,Spring,2006.0,971.0,24618.0,5901.0,2488.0,5077.0,41061.0,Vinschgau
2019,4.0,8,Spring,1004.0,461.0,11498.0,8363.0,1284.0,865.0,23475.0,Wipptal
2019,5.0,1,Spring,3315.0,533.0,9191.0,9011.0,5710.0,1288.0,29048.0,Bozen
2019,5.0,2,Spring,12636.0,1969.0,89047.0,10473.0,4691.0,20693.0,139509.0,Burggrafenamt
2019,5.0,3,Spring,3867.0,793.0,26816.0,9062.0,4430.0,1986.0,46954.0,Eisacktal
2019,5.0,4,Spring,3973.0,1272.0,23059.0,18667.0,5914.0,2387.0,55272.0,Pustertal
2019,5.0,5,Spring,2640.0,789.0,18614.0,6503.0,4031.0,1789.0,34366.0,Salten-Schlern
2019,5.0,6,Spring,7267.0,1008.0,32238.0,6715.0,3021.0,4375.0,54624.0,Uberetsch-Unterland
2019,5.0,7,Spring,2138.0,976.0,16211.0,3208.0,1077.0,5220.0,28830.0,Vinschgau
2019,5.0,8,Spring,1320.0,613.0,10671.0,4467.0,1510.0,677.0,19258.0,Wipptal
2019,6.0,1,Summer,2342.0,872.0,11361.0,7181.0,8919.0,1506.0,32181.0,Bozen
2019,6.0,2,Summer,10453.0,4095.0,132792.0,14453.0,7343.0,16786.0,185922.0,Burggrafenamt
2019,6.0,3,Summer,3962.0,1895.0,49352.0,11312.0,7147.0,2262.0,75930.0,Eisacktal
2019,6.0,4,Summer,8814.0,5318.0,71149.0,75604.0,23745.0,5191.0,189821.0,Pustertal
2019,6.0,5,Summer,4549.0,3152.0,53347.0,32297.0,18234.0,4344.0,115923.0,Salten-Schlern
2019,6.0,6,Summer,6224.0,2227.0,48569.0,6629.0,4121.0,3869.0,71639.0,Uberetsch-Unterland
2019,6.0,7,Summer,2817.0,3623.0,34019.0,8529.0,3810.0,5899.0,58697.0,Vinschgau
2019,6.0,8,Summer,1507.0,1220.0,22807.0,7746.0,2627.0,1125.0,37032.0,Wipptal
2019,7.0,1,Summer,2293.0,2053.0,11810.0,8041.0,11131.0,1745.0,37073.0,Bozen
2019,7.0,2,Summer,10220.0,9766.0,124585.0,22070.0,11002.0,20269.0,197912.0,Burggrafenamt
2019,7.0,3,Summer,4122.0,5285.0,45767.0,27346.0,11259.0,3093.0,96872.0,Eisacktal
2019,7.0,4,Summer,9130.0,11624.0,67276.0,166328.0,36887.0,8574.0,299819.0,Pustertal
2019,7.0,5,Summer,4424.0,5914.0,48513.0,62916.0,25121.0,5480.0,152368.0,Salten-Schlern
2019,7.0,6,Summer,6117.0,4981.0,42403.0,10412.0,6803.0,5533.0,76249.0,Uberetsch-Unterland
2019,7.0,7,Summer,4371.0,6860.0,39573.0,20262.0,5979.0,7833.0,84878.0,Vinschgau
2019,7.0,8,Summer,1794.0,3752.0,24917.0,16112.0,4413.0,1278.0,52266.0,Wipptal
2019,8.0,1,Summer,2971.0,1508.0,13640.0,9613.0,10116.0,1484.0,39332.0,Bozen
2019,8.0,2,Summer,11810.0,7690.0,143979.0,48225.0,9391.0,12932.0,234027.0,Burggrafenamt
2019,8.0,3,Summer,3745.0,3176.0,42203.0,50729.0,7545.0,1680.0,109078.0,Eisacktal
2019,8.0,4,Summer,6780.0,5434.0,50726.0,250086.0,24137.0,3888.0,341051.0,Pustertal
2019,8.0,5,Summer,4126.0,3801.0,43679.0,104081.0,14907.0,3162.0,173756.0,Salten-Schlern
2019,8.0,6,Summer,7390.0,3176.0,53752.0,14277.0,5560.0,3579.0,87734.0,Uberetsch-Unterland
2019,8.0,7,Summer,4544.0,4570.0,41009.0,37772.0,4718.0,5541.0,98154.0,Vinschgau
2019,8.0,8,Summer,1690.0,1972.0,23078.0,27900.0,2175.0,678.0,57493.0,Wipptal
2019,9.0,1,Autumn,3739.0,824.0,12348.0,8546.0,9062.0,1762.0,36281.0,Bozen
2019,9.0,2,Autumn,11809.0,2795.0,142661.0,14385.0,6909.0,21057.0,199616.0,Burggrafenamt
2019,9.0,3,Autumn,5393.0,1439.0,54266.0,12103.0,7173.0,3161.0,83535.0,Eisacktal
2019,9.0,4,Autumn,11179.0,4078.0,85977.0,71746.0,21562.0,7718.0,202260.0,Pustertal
2019,9.0,5,Autumn,5306.0,2481.0,60854.0,24206.0,16021.0,5522.0,114390.0,Salten-Schlern
2019,9.0,6,Autumn,7877.0,1134.0,50954.0,7724.0,3661.0,5382.0,76732.0,Uberetsch-Unterland
2019,9.0,7,Autumn,3913.0,2273.0,41261.0,9799.0,3840.0,7291.0,68377.0,Vinschgau
2019,9.0,8,Autumn,1993.0,914.0,26997.0,8700.0,2084.0,1239.0,41927.0,Wipptal
2019,10.0,1,Autumn,3933.0,255.0,10273.0,9332.0,5605.0,1645.0,31043.0,Bozen
2019,10.0,2,Autumn,16107.0,952.0,123433.0,14518.0,3819.0,23609.0,182438.0,Burggrafenamt
2019,10.0,3,Autumn,7284.0,491.0,47800.0,11684.0,4453.0,3555.0,75267.0,Eisacktal
2019,10.0,4,Autumn,7491.0,723.0,51496.0,33429.0,7700.0,5991.0,106830.0,Pustertal
2019,10.0,5,Autumn,4753.0,689.0,43115.0,14106.0,8296.0,4671.0,75630.0,Salten-Schlern
2019,10.0,6,Autumn,7590.0,383.0,40844.0,7009.0,2345.0,4869.0,63040.0,Uberetsch-Unterland
2019,10.0,7,Autumn,2886.0,511.0,24520.0,9056.0,2459.0,7369.0,46801.0,Vinschgau
2019,10.0,8,Autumn,2213.0,253.0,19419.0,6943.0,1081.0,1653.0,31562.0,Wipptal
2019,11.0,1,Autumn,2164.0,142.0,3728.0,13131.0,2838.0,506.0,22509.0,Bozen
2019,11.0,2,Autumn,6158.0,202.0,13035.0,33462.0,2171.0,5038.0,60066.0,Burggrafenamt
2019,11.0,3,Autumn,2929.0,99.0,6257.0,12632.0,1368.0,353.0,23638.0,Eisacktal
2019,11.0,4,Autumn,2002.0,110.0,5025.0,28211.0,2247.0,687.0,38282.0,Pustertal
2019,11.0,5,Autumn,842.0,61.0,2628.0,12622.0,1015.0,460.0,17628.0,Salten-Schlern
2019,11.0,6,Autumn,1958.0,105.0,4502.0,10435.0,1277.0,455.0,18732.0,Uberetsch-Unterland
2019,11.0,7,Autumn,693.0,88.0,2983.0,7288.0,1839.0,908.0,13799.0,Vinschgau
2019,11.0,8,Autumn,1154.0,62.0,3392.0,9756.0,465.0,487.0,15316.0,Wipptal
2019,12.0,1,Winter,939.0,155.0,3264.0,24847.0,4386.0,495.0,34086.0,Bozen
2019,12.0,2,Winter,2649.0,676.0,21162.0,53728.0,3560.0,4036.0,85811.0,Burggrafenamt
2019,12.0,3,Winter,1981.0,1032.0,19807.0,31687.0,4830.0,1526.0,60863.0,Eisacktal
2019,12.0,4,Winter,3899.0,4300.0,51097.0,138678.0,31093.0,2775.0,231842.0,Pustertal
2019,12.0,5,Winter,2195.0,4855.0,29935.0,64304.0,15680.0,2611.0,119580.0,Salten-Schlern
2019,12.0,6,Winter,869.0,99.0,5128.0,17581.0,1865.0,792.0,26334.0,Uberetsch-Unterland
2019,12.0,7,Winter,720.0,1044.0,16726.0,9064.0,3406.0,1811.0,32771.0,Vinschgau
2019,12.0,8,Winter,1021.0,542.0,13127.0,22387.0,1969.0,721.0,39767.0,Wipptal
2020,1.0,1,Winter,834.0,147.0,2147.0,14934.0,3275.0,390.0,21727.0,Bozen
2020,1.0,2,Winter,1308.0,212.0,8963.0,27358.0,2464.0,1505.0,41810.0,Burggrafenamt
2020,1.0,3,Winter,1894.0,1079.0,24243.0,23901.0,6070.0,1209.0,58396.0,Eisacktal
2020,1.0,4,Winter,6111.0,5288.0,68794.0,119211.0,53314.0,3103.0,255821.0,Pustertal
2020,1.0,5,Winter,2902.0,6210.0,35476.0,53596.0,30918.0,3248.0,132350.0,Salten-Schlern
2020,1.0,6,Winter,362.0,62.0,2757.0,11109.0,1446.0,223.0,15959.0,Uberetsch-Unterland
2020,1.0,7,Winter,823.0,646.0,18067.0,8308.0,4141.0,3025.0,35010.0,Vinschgau
2020,1.0,8,Winter,912.0,652.0,18383.0,15244.0,1793.0,715.0,37699.0,Wipptal
2020,2.0,1,Winter,924.0,383.0,2904.0,9586.0,2840.0,297.0,16934.0,Bozen
2020,2.0,2,Winter,1984.0,810.0,16668.0,17222.0,2752.0,2365.0,41801.0,Burggrafenamt
2020,2.0,3,Winter,2330.0,4050.0,40307.0,18150.0,11113.0,2155.0,78105.0,Eisacktal
2020,2.0,4,Winter,9960.0,15238.0,114638.0,103577.0,56689.0,4460.0,304562.0,Pustertal
2020,2.0,5,Winter,3628.0,16056.0,58809.0,46625.0,34448.0,4030.0,163596.0,Salten-Schlern
2020,2.0,6,Winter,536.0,278.0,4523.0,6124.0,1782.0,202.0,13445.0,Uberetsch-Unterland
2020,2.0,7,Winter,1576.0,3581.0,28804.0,6718.0,5686.0,4103.0,50468.0,Vinschgau
2020,2.0,8,Winter,1275.0,1792.0,24592.0,12531.0,3000.0,1148.0,44338.0,Wipptal
2020,3.0,1,Spring,110.0,13.0,234.0,1718.0,250.0,25.0,2350.0,Bozen
2020,3.0,2,Spring,388.0,41.0,2030.0,3749.0,291.0,502.0,7001.0,Burggrafenamt
2020,3.0,3,Spring,294.0,178.0,3700.0,3793.0,746.0,238.0,8949.0,Eisacktal
2020,3.0,4,Spring,1393.0,906.0,12187.0,24098.0,3104.0,646.0,42334.0,Pustertal
2020,3.0,5,Spring,513.0,862.0,6515.0,10931.0,2017.0,539.0,21377.0,Salten-Schlern
2020,3.0,6,Spring,87.0,6.0,404.0,1276.0,161.0,74.0,2008.0,Uberetsch-Unterland
2020,3.0,7,Spring,414.0,159.0,4392.0,1477.0,435.0,758.0,7635.0,Vinschgau
2020,3.0,8,Spring,193.0,106.0,3304.0,2497.0,294.0,165.0,6559.0,Wipptal
2020,4.0,1,Spring,0.0,0.0,3.0,279.0,18.0,0.0,300.0,Bozen
2020,4.0,2,Spring,7.0,0.0,2.0,278.0,11.0,0.0,298.0,Burggrafenamt
2020,4.0,3,Spring,10.0,2.0,5.0,298.0,16.0,0.0,331.0,Eisacktal
2020,4.0,4,Spring,11.0,1.0,10.0,165.0,16.0,0.0,203.0,Pustertal
2020,4.0,5,Spring,0.0,0.0,16.0,60.0,7.0,0.0,83.0,Salten-Schlern
2020,4.0,6,Spring,5.0,0.0,2.0,199.0,12.0,0.0,218.0,Uberetsch-Unterland
2020,4.0,7,Spring,4.0,0.0,0.0,113.0,14.0,0.0,131.0,Vinschgau
2020,4.0,8,Spring,2.0,0.0,58.0,234.0,36.0,0.0,330.0,Wipptal
2020,5.0,1,Spring,10.0,9.0,35.0,1251.0,49.0,8.0,1362.0,Bozen
2020,5.0,2,Spring,63.0,1.0,29.0,1593.0,54.0,5.0,1745.0,Burggrafenamt
2020,5.0,3,Spring,72.0,1.0,47.0,1253.0,132.0,5.0,1510.0,Eisacktal
2020,5.0,4,Spring,53.0,1.0,48.0,2138.0,60.0,8.0,2308.0,Pustertal
2020,5.0,5,Spring,9.0,0.0,14.0,725.0,25.0,1.0,774.0,Salten-Schlern
2020,5.0,6,Spring,35.0,4.0,35.0,1427.0,129.0,4.0,1634.0,Uberetsch-Unterland
2020,5.0,7,Spring,32.0,1.0,84.0,842.0,24.0,2.0,985.0,Vinschgau
2020,5.0,8,Spring,17.0,5.0,123.0,841.0,84.0,2.0,1072.0,Wipptal
2020,6.0,1,Summer,371.0,130.0,2859.0,4113.0,438.0,291.0,8202.0,Bozen
2020,6.0,2,Summer,1931.0,526.0,31811.0,10238.0,723.0,4447.0,49676.0,Burggrafenamt
2020,6.0,3,Summer,564.0,261.0,10001.0,7868.0,487.0,434.0,19615.0,Eisacktal
2020,6.0,4,Summer,1264.0,664.0,14498.0,41348.0,1357.0,1013.0,60144.0,Pustertal
2020,6.0,5,Summer,547.0,384.0,11362.0,16084.0,615.0,1020.0,30012.0,Salten-Schlern
2020,6.0,6,Summer,1307.0,190.0,12172.0,4081.0,366.0,936.0,19052.0,Uberetsch-Unterland
2020,6.0,7,Summer,578.0,332.0,9263.0,6201.0,419.0,1720.0,18513.0,Vinschgau
2020,6.0,8,Summer,305.0,241.0,4870.0,4348.0,375.0,210.0,10349.0,Wipptal
2020,7.0,1,Summer,1217.0,872.0,7504.0,7132.0,1717.0,929.0,19371.0,Bozen
2020,7.0,2,Summer,6698.0,5291.0,91430.0,26643.0,3050.0,16822.0,149934.0,Burggrafenamt
2020,7.0,3,Summer,1813.0,2451.0,30411.0,28271.0,2248.0,2181.0,67375.0,Eisacktal
2020,7.0,4,Summer,5220.0,5600.0,43949.0,186395.0,7649.0,5120.0,253933.0,Pustertal
2020,7.0,5,Summer,2229.0,3522.0,33708.0,74270.0,3688.0,3590.0,121007.0,Salten-Schlern
2020,7.0,6,Summer,4012.0,2103.0,30775.0,8300.0,1535.0,3665.0,50390.0,Uberetsch-Unterland
2020,7.0,7,Summer,2518.0,3108.0,29764.0,25692.0,2038.0,6689.0,69809.0,Vinschgau
2020,7.0,8,Summer,1231.0,1981.0,18070.0,14593.0,1449.0,1034.0,38358.0,Wipptal
2020,8.0,1,Summer,1782.0,1065.0,10539.0,13011.0,2898.0,894.0,30189.0,Bozen
2020,8.0,2,Summer,8719.0,5437.0,128664.0,71832.0,4698.0,11348.0,230698.0,Burggrafenamt
2020,8.0,3,Summer,2212.0,2111.0,34682.0,63255.0,3310.0,1415.0,106985.0,Eisacktal
2020,8.0,4,Summer,4465.0,4292.0,41893.0,281071.0,8278.0,2836.0,342835.0,Pustertal
2020,8.0,5,Summer,2155.0,2769.0,36960.0,132506.0,4526.0,2439.0,181355.0,Salten-Schlern
2020,8.0,6,Summer,4807.0,2167.0,47992.0,21386.0,2333.0,2769.0,81454.0,Uberetsch-Unterland
2020,8.0,7,Summer,2888.0,2562.0,35916.0,47834.0,2145.0,4321.0,95666.0,Vinschgau
2020,8.0,8,Summer,1265.0,1153.0,18786.0,30864.0,1277.0,577.0,53922.0,Wipptal
2020,9.0,1,Autumn,1538.0,938.0,10132.0,8048.0,1564.0,1361.0,23581.0,Bozen
2020,9.0,2,Autumn,8872.0,3424.0,117024.0,17237.0,2285.0,21038.0,169880.0,Burggrafenamt
2020,9.0,3,Autumn,2962.0,1772.0,39894.0,15208.0,1791.0,2792.0,64419.0,Eisacktal
2020,9.0,4,Autumn,7777.0,6245.0,62017.0,90901.0,6403.0,6174.0,179517.0,Pustertal
2020,9.0,5,Autumn,3447.0,3350.0,48752.0,31587.0,3685.0,4534.0,95355.0,Salten-Schlern
2020,9.0,6,Autumn,4285.0,1592.0,41837.0,6818.0,1221.0,4460.0,60213.0,Uberetsch-Unterland
2020,9.0,7,Autumn,2971.0,2131.0,32044.0,12778.0,1979.0,7183.0,59086.0,Vinschgau
2020,9.0,8,Autumn,1473.0,1016.0,19297.0,9481.0,994.0,1207.0,33468.0,Wipptal
2020,10.0,1,Autumn,1175.0,231.0,4874.0,7241.0,1089.0,970.0,15580.0,Bozen
2020,10.0,2,Autumn,9184.0,673.0,61075.0,13730.0,1229.0,22412.0,108303.0,Burggrafenamt
2020,10.0,3,Autumn,3215.0,525.0,22483.0,12284.0,1018.0,3646.0,43171.0,Eisacktal
2020,10.0,4,Autumn,3445.0,733.0,20924.0,31640.0,2125.0,4792.0,63659.0,Pustertal
2020,10.0,5,Autumn,2190.0,584.0,19290.0,14042.0,1229.0,3524.0,40859.0,Salten-Schlern
2020,10.0,6,Autumn,3160.0,276.0,18261.0,5688.0,759.0,4052.0,32196.0,Uberetsch-Unterland
2020,10.0,7,Autumn,1707.0,319.0,11378.0,10485.0,1270.0,6042.0,31201.0,Vinschgau
2020,10.0,8,Autumn,1133.0,417.0,9067.0,6939.0,567.0,1735.0,19858.0,Wipptal
2020,11.0,1,Autumn,92.0,13.0,138.0,2202.0,233.0,33.0,2711.0,Bozen
2020,11.0,2,Autumn,215.0,19.0,385.0,2109.0,138.0,390.0,3256.0,Burggrafenamt
2020,11.0,3,Autumn,185.0,20.0,196.0,1524.0,119.0,45.0,2089.0,Eisacktal
2020,11.0,4,Autumn,254.0,20.0,217.0,2508.0,354.0,103.0,3456.0,Pustertal
2020,11.0,5,Autumn,58.0,26.0,120.0,936.0,162.0,145.0,1447.0,Salten-Schlern
2020,11.0,6,Autumn,97.0,7.0,131.0,1629.0,239.0,45.0,2148.0,Uberetsch-Unterland
2020,11.0,7,Autumn,223.0,32.0,254.0,2216.0,721.0,160.0,3606.0,Vinschgau
2020,11.0,8,Autumn,73.0,33.0,226.0,1245.0,153.0,15.0,1745.0,Wipptal
2020,12.0,1,Winter,101.0,16.0,133.0,2498.0,322.0,18.0,3088.0,Bozen
2020,12.0,2,Winter,122.0,24.0,215.0,2714.0,311.0,33.0,3419.0,Burggrafenamt
2020,12.0,3,Winter,109.0,16.0,197.0,3055.0,108.0,30.0,3515.0,Eisacktal
2020,12.0,4,Winter,424.0,72.0,425.0,8713.0,987.0,205.0,10826.0,Pustertal
2020,12.0,5,Winter,140.0,20.0,177.0,3191.0,379.0,95.0,4002.0,Salten-Schlern
2020,12.0,6,Winter,92.0,5.0,117.0,1793.0,189.0,44.0,2240.0,Uberetsch-Unterland
2020,12.0,7,Winter,22.0,7.0,95.0,1052.0,337.0,12.0,1525.0,Vinschgau
2020,12.0,8,Winter,68.0,33.0,285.0,3227.0,236.0,19.0,3868.0,Wipptal
