Year,Month,Nationality,Arrivals,Present
2010,1.0,Andere Länder,64943,371009
2010,1.0,Beneluxstaaten,13436,74135
2010,1.0,Deutschland,173036,922869
2010,1.0,Italien,242283,1163671
2010,1.0,Schweiz und Liechtenstein,6394,27680
2010,1.0,Österreich,10359,36696
2010,2.0,Andere Länder,64103,390843
2010,2.0,Beneluxstaaten,29406,179413
2010,2.0,Deutschland,180887,1046708
2010,2.0,Italien,208130,940056
2010,2.0,Schweiz und Liechtenstein,7982,47587
2010,2.0,Österreich,11377,59232
2010,3.0,Andere Länder,46209,306790
2010,3.0,Beneluxstaaten,11467,75384
2010,3.0,Deutschland,181690,1001272
2010,3.0,Italien,146933,694157
2010,3.0,Schweiz und Liechtenstein,7698,38033
2010,3.0,Österreich,14840,58020
2010,4.0,Andere Länder,12826,67020
2010,4.0,Beneluxstaaten,9502,55732
2010,4.0,Deutschland,147913,800000
2010,4.0,Italien,81994,287996
2010,4.0,Schweiz und Liechtenstein,25393,106645
2010,4.0,Österreich,16632,48085
2010,5.0,Andere Länder,14529,58504
2010,5.0,Beneluxstaaten,7460,31641
2010,5.0,Deutschland,222713,1001544
2010,5.0,Italien,62404,185945
2010,5.0,Schweiz und Liechtenstein,29132,125073
2010,5.0,Österreich,24846,71576
2010,6.0,Andere Länder,28278,110693
2010,6.0,Beneluxstaaten,14205,71277
2010,6.0,Deutschland,231700,1284356
2010,6.0,Italien,101574,383681
2010,6.0,Schweiz und Liechtenstein,22755,105540
2010,6.0,Österreich,26896,82724
2010,7.0,Andere Länder,49714,197524
2010,7.0,Beneluxstaaten,43537,244957
2010,7.0,Deutschland,258846,1544194
2010,7.0,Italien,320303,1714741
2010,7.0,Schweiz und Liechtenstein,34251,164022
2010,7.0,Österreich,26562,90240
2010,8.0,Andere Länder,32680,136250
2010,8.0,Beneluxstaaten,21639,145419
2010,8.0,Deutschland,307489,1709299
2010,8.0,Italien,447011,3059004
2010,8.0,Schweiz und Liechtenstein,21562,97469
2010,8.0,Österreich,26060,88153
2010,9.0,Andere Länder,28020,107571
2010,9.0,Beneluxstaaten,10053,53597
2010,9.0,Deutschland,336168,1966493
2010,9.0,Italien,109277,480291
2010,9.0,Schweiz und Liechtenstein,33559,146083
2010,9.0,Österreich,36880,124368
2010,10.0,Andere Länder,13426,66886
2010,10.0,Beneluxstaaten,3114,15804
2010,10.0,Deutschland,262851,1277247
2010,10.0,Italien,83812,230730
2010,10.0,Schweiz und Liechtenstein,35397,161088
2010,10.0,Österreich,40240,116623
2010,11.0,Andere Länder,7944,42788
2010,11.0,Beneluxstaaten,847,3817
2010,11.0,Deutschland,35173,170007
2010,11.0,Italien,74562,193880
2010,11.0,Schweiz und Liechtenstein,4818,18840
2010,11.0,Österreich,10606,24971
2010,12.0,Andere Länder,35255,177370
2010,12.0,Beneluxstaaten,8592,51930
2010,12.0,Deutschland,98122,473762
2010,12.0,Italien,325383,1129628
2010,12.0,Schweiz und Liechtenstein,6498,23217
2010,12.0,Österreich,7006,20641
2011,1.0,Andere Länder,65954,389073
2011,1.0,Beneluxstaaten,14221,80697
2011,1.0,Deutschland,178895,971595
2011,1.0,Italien,261907,1228660
2011,1.0,Schweiz und Liechtenstein,6991,31019
2011,1.0,Österreich,8564,33154
2011,2.0,Andere Länder,72796,439514
2011,2.0,Beneluxstaaten,21347,123284
2011,2.0,Deutschland,149424,877770
2011,2.0,Italien,187953,804304
2011,2.0,Schweiz und Liechtenstein,8811,50327
2011,2.0,Österreich,15359,69498
2011,3.0,Andere Länder,46405,302913
2011,3.0,Beneluxstaaten,21731,142673
2011,3.0,Deutschland,176475,991123
2011,3.0,Italien,166598,780770
2011,3.0,Schweiz und Liechtenstein,8130,42288
2011,3.0,Österreich,12106,47752
2011,4.0,Andere Länder,12481,61295
2011,4.0,Beneluxstaaten,7046,40770
2011,4.0,Deutschland,180312,860386
2011,4.0,Italien,64961,198431
2011,4.0,Schweiz und Liechtenstein,26824,108111
2011,4.0,Österreich,19123,55149
2011,5.0,Andere Länder,14888,61343
2011,5.0,Beneluxstaaten,6437,27495
2011,5.0,Deutschland,161324,793831
2011,5.0,Italien,51331,151725
2011,5.0,Schweiz und Liechtenstein,25728,122962
2011,5.0,Österreich,22579,66561
2011,6.0,Andere Länder,29605,114361
2011,6.0,Beneluxstaaten,14696,72768
2011,6.0,Deutschland,306248,1576193
2011,6.0,Italien,116017,410069
2011,6.0,Schweiz und Liechtenstein,29628,125520
2011,6.0,Österreich,28961,90341
2011,7.0,Andere Länder,54333,208580
2011,7.0,Beneluxstaaten,48128,257276
2011,7.0,Deutschland,289892,1615863
2011,7.0,Italien,319702,1727382
2011,7.0,Schweiz und Liechtenstein,40915,194547
2011,7.0,Österreich,28222,97259
2011,8.0,Andere Länder,33552,144395
2011,8.0,Beneluxstaaten,23088,149736
2011,8.0,Deutschland,314833,1845533
2011,8.0,Italien,435344,2923705
2011,8.0,Schweiz und Liechtenstein,23976,117506
2011,8.0,Österreich,27983,97891
2011,9.0,Andere Länder,30553,118207
2011,9.0,Beneluxstaaten,11247,56809
2011,9.0,Deutschland,372678,2052398
2011,9.0,Italien,119887,492672
2011,9.0,Schweiz und Liechtenstein,35543,157645
2011,9.0,Österreich,38024,123122
2011,10.0,Andere Länder,13824,63254
2011,10.0,Beneluxstaaten,2953,14983
2011,10.0,Deutschland,277348,1345010
2011,10.0,Italien,85507,240468
2011,10.0,Schweiz und Liechtenstein,41508,188667
2011,10.0,Österreich,36760,108919
2011,11.0,Andere Länder,6956,38051
2011,11.0,Beneluxstaaten,724,3455
2011,11.0,Deutschland,31641,155651
2011,11.0,Italien,69678,181216
2011,11.0,Schweiz und Liechtenstein,5512,22056
2011,11.0,Österreich,10642,24529
2011,12.0,Andere Länder,36679,176335
2011,12.0,Beneluxstaaten,8301,44047
2011,12.0,Deutschland,101522,455113
2011,12.0,Italien,319647,1044442
2011,12.0,Schweiz und Liechtenstein,7922,29367
2011,12.0,Österreich,7678,21995
2012,1.0,Andere Länder,73390,454115
2012,1.0,Beneluxstaaten,13180,81395
2012,1.0,Deutschland,172918,968425
2012,1.0,Italien,240078,1117853
2012,1.0,Schweiz und Liechtenstein,8232,41018
2012,1.0,Österreich,8553,32525
2012,2.0,Andere Länder,68356,419734
2012,2.0,Beneluxstaaten,31654,187402
2012,2.0,Deutschland,202752,1157299
2012,2.0,Italien,180269,788701
2012,2.0,Schweiz und Liechtenstein,10679,63173
2012,2.0,Österreich,14491,67997
2012,3.0,Andere Länder,48924,287548
2012,3.0,Beneluxstaaten,15228,84221
2012,3.0,Deutschland,182473,876025
2012,3.0,Italien,136513,573620
2012,3.0,Schweiz und Liechtenstein,10333,48481
2012,3.0,Österreich,15332,52099
2012,4.0,Andere Länder,12675,65385
2012,4.0,Beneluxstaaten,5749,49353
2012,4.0,Deutschland,187247,1001674
2012,4.0,Italien,73786,227278
2012,4.0,Schweiz und Liechtenstein,31295,130955
2012,4.0,Österreich,19926,60482
2012,5.0,Andere Länder,17070,62433
2012,5.0,Beneluxstaaten,7334,29011
2012,5.0,Deutschland,210418,998064
2012,5.0,Italien,71450,192886
2012,5.0,Schweiz und Liechtenstein,34035,155130
2012,5.0,Österreich,24091,70836
2012,6.0,Andere Länder,34070,120770
2012,6.0,Beneluxstaaten,17593,81757
2012,6.0,Deutschland,284820,1459018
2012,6.0,Italien,131121,412775
2012,6.0,Schweiz und Liechtenstein,29282,129337
2012,6.0,Österreich,28462,84049
2012,7.0,Andere Länder,56412,222470
2012,7.0,Beneluxstaaten,48768,258032
2012,7.0,Deutschland,300880,1733776
2012,7.0,Italien,281696,1573887
2012,7.0,Schweiz und Liechtenstein,43809,210403
2012,7.0,Österreich,28656,97767
2012,8.0,Andere Länder,37787,149414
2012,8.0,Beneluxstaaten,23857,147377
2012,8.0,Deutschland,319617,1853462
2012,8.0,Italien,472343,2992270
2012,8.0,Schweiz und Liechtenstein,26069,122469
2012,8.0,Österreich,29193,96635
2012,9.0,Andere Länder,33176,122071
2012,9.0,Beneluxstaaten,11835,59242
2012,9.0,Deutschland,399865,2091353
2012,9.0,Italien,123779,484715
2012,9.0,Schweiz und Liechtenstein,43288,178670
2012,9.0,Österreich,39479,125032
2012,10.0,Andere Länder,14174,64257
2012,10.0,Beneluxstaaten,2814,15032
2012,10.0,Deutschland,261848,1368806
2012,10.0,Italien,65041,185600
2012,10.0,Schweiz und Liechtenstein,40023,193922
2012,10.0,Österreich,37538,105517
2012,11.0,Andere Länder,8269,38774
2012,11.0,Beneluxstaaten,721,2348
2012,11.0,Deutschland,37133,152583
2012,11.0,Italien,82782,207145
2012,11.0,Schweiz und Liechtenstein,6712,23180
2012,11.0,Österreich,12194,29676
2012,12.0,Andere Länder,40187,186408
2012,12.0,Beneluxstaaten,9337,50263
2012,12.0,Deutschland,115776,529250
2012,12.0,Italien,318954,1047495
2012,12.0,Schweiz und Liechtenstein,9266,34286
2012,12.0,Österreich,8061,23173
2013,1.0,Andere Länder,70530,452518
2013,1.0,Beneluxstaaten,11230,72754
2013,1.0,Deutschland,156463,941753
2013,1.0,Italien,200502,928577
2013,1.0,Schweiz und Liechtenstein,8574,46560
2013,1.0,Österreich,8886,34860
2013,2.0,Andere Länder,70779,419139
2013,2.0,Beneluxstaaten,29943,182950
2013,2.0,Deutschland,213838,1185907
2013,2.0,Italien,184033,770910
2013,2.0,Schweiz und Liechtenstein,11917,66212
2013,2.0,Österreich,14952,68047
2013,3.0,Andere Länder,53079,300849
2013,3.0,Beneluxstaaten,15848,77735
2013,3.0,Deutschland,246539,1237682
2013,3.0,Italien,159352,612377
2013,3.0,Schweiz und Liechtenstein,15063,62490
2013,3.0,Österreich,16910,62392
2013,4.0,Andere Länder,11873,57316
2013,4.0,Beneluxstaaten,4518,37165
2013,4.0,Deutschland,113126,584567
2013,4.0,Italien,54826,173016
2013,4.0,Schweiz und Liechtenstein,28599,125506
2013,4.0,Österreich,16546,43742
2013,5.0,Andere Länder,18206,66364
2013,5.0,Beneluxstaaten,6790,26796
2013,5.0,Deutschland,254742,1202246
2013,5.0,Italien,48259,130215
2013,5.0,Schweiz und Liechtenstein,34877,150390
2013,5.0,Österreich,29431,79945
2013,6.0,Andere Länder,39409,132565
2013,6.0,Beneluxstaaten,20113,89481
2013,6.0,Deutschland,257560,1276910
2013,6.0,Italien,117557,376195
2013,6.0,Schweiz und Liechtenstein,30465,132426
2013,6.0,Österreich,26141,81364
2013,7.0,Andere Länder,61022,226317
2013,7.0,Beneluxstaaten,48030,251996
2013,7.0,Deutschland,293548,1707060
2013,7.0,Italien,272061,1503508
2013,7.0,Schweiz und Liechtenstein,44870,218018
2013,7.0,Österreich,31584,104053
2013,8.0,Andere Länder,41372,160010
2013,8.0,Beneluxstaaten,24662,141258
2013,8.0,Deutschland,351489,1943851
2013,8.0,Italien,479407,2953856
2013,8.0,Schweiz und Liechtenstein,27652,121954
2013,8.0,Österreich,31681,99609
2013,9.0,Andere Länder,35006,125752
2013,9.0,Beneluxstaaten,11740,60537
2013,9.0,Deutschland,384474,2065438
2013,9.0,Italien,118397,468726
2013,9.0,Schweiz und Liechtenstein,44762,187019
2013,9.0,Österreich,38458,122864
2013,10.0,Andere Länder,15181,72105
2013,10.0,Beneluxstaaten,2751,13913
2013,10.0,Deutschland,276417,1363348
2013,10.0,Italien,69164,182025
2013,10.0,Schweiz und Liechtenstein,39674,188938
2013,10.0,Österreich,36133,96771
2013,11.0,Andere Länder,7353,38322
2013,11.0,Beneluxstaaten,751,2249
2013,11.0,Deutschland,30558,127012
2013,11.0,Italien,90126,217209
2013,11.0,Schweiz und Liechtenstein,6369,23045
2013,11.0,Österreich,12195,28950
2013,12.0,Andere Länder,43757,205137
2013,12.0,Beneluxstaaten,10453,56943
2013,12.0,Deutschland,124048,566092
2013,12.0,Italien,316203,1031529
2013,12.0,Schweiz und Liechtenstein,10008,36410
2013,12.0,Österreich,8777,23871
2014,1.0,Andere Länder,71927,464293
2014,1.0,Beneluxstaaten,10794,67772
2014,1.0,Deutschland,165648,949943
2014,1.0,Italien,210354,900743
2014,1.0,Schweiz und Liechtenstein,8840,49218
2014,1.0,Österreich,10204,37260
2014,2.0,Andere Länder,83145,491048
2014,2.0,Beneluxstaaten,22801,130323
2014,2.0,Deutschland,190927,1014142
2014,2.0,Italien,165736,658085
2014,2.0,Schweiz und Liechtenstein,11727,63001
2014,2.0,Österreich,17452,77305
2014,3.0,Andere Länder,56228,305894
2014,3.0,Beneluxstaaten,21750,132806
2014,3.0,Deutschland,229800,1158833
2014,3.0,Italien,161464,606947
2014,3.0,Schweiz und Liechtenstein,12048,54774
2014,3.0,Österreich,17380,58203
2014,4.0,Andere Länder,14055,58156
2014,4.0,Beneluxstaaten,6966,35840
2014,4.0,Deutschland,183627,862875
2014,4.0,Italien,65181,173269
2014,4.0,Schweiz und Liechtenstein,31984,129732
2014,4.0,Österreich,19931,54315
2014,5.0,Andere Länder,18510,65031
2014,5.0,Beneluxstaaten,6781,23891
2014,5.0,Deutschland,191297,843634
2014,5.0,Italien,67428,152468
2014,5.0,Schweiz und Liechtenstein,35201,144663
2014,5.0,Österreich,27334,77353
2014,6.0,Andere Länder,38308,120957
2014,6.0,Beneluxstaaten,17770,77816
2014,6.0,Deutschland,320152,1567041
2014,6.0,Italien,108544,352705
2014,6.0,Schweiz und Liechtenstein,32297,133716
2014,6.0,Österreich,31192,90216
2014,7.0,Andere Länder,65319,226316
2014,7.0,Beneluxstaaten,47056,237819
2014,7.0,Deutschland,275611,1541720
2014,7.0,Italien,263667,1453393
2014,7.0,Schweiz und Liechtenstein,45124,219521
2014,7.0,Österreich,29808,101187
2014,8.0,Andere Länder,46330,158887
2014,8.0,Beneluxstaaten,27423,143967
2014,8.0,Deutschland,392996,2054690
2014,8.0,Italien,428089,2638827
2014,8.0,Schweiz und Liechtenstein,29482,121567
2014,8.0,Österreich,33003,101937
2014,9.0,Andere Länder,37247,123758
2014,9.0,Beneluxstaaten,11408,55721
2014,9.0,Deutschland,376056,2094641
2014,9.0,Italien,108254,421389
2014,9.0,Schweiz und Liechtenstein,42898,179406
2014,9.0,Österreich,38241,120822
2014,10.0,Andere Länder,17922,69191
2014,10.0,Beneluxstaaten,2799,14307
2014,10.0,Deutschland,294358,1378792
2014,10.0,Italien,78908,187235
2014,10.0,Schweiz und Liechtenstein,42283,190466
2014,10.0,Österreich,40045,105339
2014,11.0,Andere Länder,10271,41636
2014,11.0,Beneluxstaaten,785,2473
2014,11.0,Deutschland,28025,98729
2014,11.0,Italien,89636,192214
2014,11.0,Schweiz und Liechtenstein,6333,21576
2014,11.0,Österreich,12062,26263
2014,12.0,Andere Länder,39000,183777
2014,12.0,Beneluxstaaten,10572,59929
2014,12.0,Deutschland,122679,580068
2014,12.0,Italien,343613,1040740
2014,12.0,Schweiz und Liechtenstein,10865,40423
2014,12.0,Österreich,9138,24895
2015,1.0,Andere Länder,80255,470493
2015,1.0,Beneluxstaaten,12505,69641
2015,1.0,Deutschland,180733,952577
2015,1.0,Italien,222428,923928
2015,1.0,Schweiz und Liechtenstein,10450,53847
2015,1.0,Österreich,11341,36570
2015,2.0,Andere Länder,77305,440696
2015,2.0,Beneluxstaaten,33823,203091
2015,2.0,Deutschland,217955,1226757
2015,2.0,Italien,190597,725390
2015,2.0,Schweiz und Liechtenstein,13286,74724
2015,2.0,Österreich,13740,67137
2015,3.0,Andere Länder,50838,309152
2015,3.0,Beneluxstaaten,11808,73174
2015,3.0,Deutschland,205247,1006135
2015,3.0,Italien,139897,535600
2015,3.0,Schweiz und Liechtenstein,12490,55923
2015,3.0,Österreich,19243,65142
2015,4.0,Andere Länder,15961,67136
2015,4.0,Beneluxstaaten,7975,43652
2015,4.0,Deutschland,166227,863270
2015,4.0,Italien,80998,224549
2015,4.0,Schweiz und Liechtenstein,35506,148079
2015,4.0,Österreich,18689,51601
2015,5.0,Andere Länder,20228,63608
2015,5.0,Beneluxstaaten,7471,26207
2015,5.0,Deutschland,256787,1076986
2015,5.0,Italien,77452,183931
2015,5.0,Schweiz und Liechtenstein,38888,155998
2015,5.0,Österreich,28537,78122
2015,6.0,Andere Länder,44081,131996
2015,6.0,Beneluxstaaten,17235,74727
2015,6.0,Deutschland,284751,1460113
2015,6.0,Italien,111838,372065
2015,6.0,Schweiz und Liechtenstein,33171,140810
2015,6.0,Österreich,30762,89206
2015,7.0,Andere Länder,73985,252731
2015,7.0,Beneluxstaaten,48991,234021
2015,7.0,Deutschland,301382,1647708
2015,7.0,Italien,318456,1594380
2015,7.0,Schweiz und Liechtenstein,48458,231700
2015,7.0,Österreich,32279,104155
2015,8.0,Andere Länder,52755,175258
2015,8.0,Beneluxstaaten,26523,138014
2015,8.0,Deutschland,394736,2009581
2015,8.0,Italien,497420,2845883
2015,8.0,Schweiz und Liechtenstein,31173,123589
2015,8.0,Österreich,34862,105245
2015,9.0,Andere Länder,42539,134577
2015,9.0,Beneluxstaaten,12462,57613
2015,9.0,Deutschland,390624,2131460
2015,9.0,Italien,119441,459714
2015,9.0,Schweiz und Liechtenstein,46056,194222
2015,9.0,Österreich,41150,126393
2015,10.0,Andere Länder,18963,72732
2015,10.0,Beneluxstaaten,2864,12949
2015,10.0,Deutschland,267622,1262550
2015,10.0,Italien,80289,192485
2015,10.0,Schweiz und Liechtenstein,45775,205221
2015,10.0,Österreich,45383,120106
2015,11.0,Andere Länder,8702,37800
2015,11.0,Beneluxstaaten,798,3397
2015,11.0,Deutschland,51117,216174
2015,11.0,Italien,97596,213824
2015,11.0,Schweiz und Liechtenstein,7782,25732
2015,11.0,Österreich,13983,30698
2015,12.0,Andere Länder,41596,192654
2015,12.0,Beneluxstaaten,10445,61166
2015,12.0,Deutschland,115167,524983
2015,12.0,Italien,371629,1122989
2015,12.0,Schweiz und Liechtenstein,12056,44386
2015,12.0,Österreich,10392,27122
2016,1.0,Andere Länder,81528,441238
2016,1.0,Beneluxstaaten,13021,69091
2016,1.0,Deutschland,198813,998978
2016,1.0,Italien,244818,1007109
2016,1.0,Schweiz und Liechtenstein,11144,47196
2016,1.0,Österreich,12700,40838
2016,2.0,Andere Länder,85969,507787
2016,2.0,Beneluxstaaten,34229,186775
2016,2.0,Deutschland,217145,1228614
2016,2.0,Italien,204302,768054
2016,2.0,Schweiz und Liechtenstein,15312,90953
2016,2.0,Österreich,13877,65620
2016,3.0,Andere Länder,59236,341196
2016,3.0,Beneluxstaaten,18318,127086
2016,3.0,Deutschland,281364,1472976
2016,3.0,Italien,182114,681505
2016,3.0,Schweiz und Liechtenstein,18460,81465
2016,3.0,Österreich,20533,72844
2016,4.0,Andere Länder,14940,58642
2016,4.0,Beneluxstaaten,4720,25008
2016,4.0,Deutschland,114217,514257
2016,4.0,Italien,66692,159157
2016,4.0,Schweiz und Liechtenstein,35226,144797
2016,4.0,Österreich,20343,53344
2016,5.0,Andere Länder,25482,79916
2016,5.0,Beneluxstaaten,7853,27734
2016,5.0,Deutschland,313928,1386648
2016,5.0,Italien,59590,143724
2016,5.0,Schweiz und Liechtenstein,42485,178226
2016,5.0,Österreich,34452,94012
2016,6.0,Andere Länder,47154,145923
2016,6.0,Beneluxstaaten,18673,77381
2016,6.0,Deutschland,273233,1376527
2016,6.0,Italien,131599,417859
2016,6.0,Schweiz und Liechtenstein,32235,144163
2016,6.0,Österreich,29311,87049
2016,7.0,Andere Länder,86234,285317
2016,7.0,Beneluxstaaten,51187,228752
2016,7.0,Deutschland,370863,1884223
2016,7.0,Italien,343763,1644591
2016,7.0,Schweiz und Liechtenstein,56523,255813
2016,7.0,Österreich,39113,120978
2016,8.0,Andere Länder,54892,191058
2016,8.0,Beneluxstaaten,30555,164876
2016,8.0,Deutschland,398203,2127980
2016,8.0,Italien,488721,2924098
2016,8.0,Schweiz und Liechtenstein,31158,142231
2016,8.0,Österreich,36031,114760
2016,9.0,Andere Länder,46403,144569
2016,9.0,Beneluxstaaten,14796,64734
2016,9.0,Deutschland,430999,2187674
2016,9.0,Italien,145894,526446
2016,9.0,Schweiz und Liechtenstein,45998,190250
2016,9.0,Österreich,45399,135383
2016,10.0,Andere Länder,21141,78625
2016,10.0,Beneluxstaaten,3920,16588
2016,10.0,Deutschland,325841,1518716
2016,10.0,Italien,100089,248662
2016,10.0,Schweiz und Liechtenstein,56140,244766
2016,10.0,Österreich,48224,131831
2016,11.0,Andere Länder,11636,46407
2016,11.0,Beneluxstaaten,1185,4160
2016,11.0,Deutschland,41017,194047
2016,11.0,Italien,93831,214452
2016,11.0,Schweiz und Liechtenstein,7743,28701
2016,11.0,Österreich,14116,30815
2016,12.0,Andere Länder,44751,192641
2016,12.0,Beneluxstaaten,8132,41142
2016,12.0,Deutschland,118690,498072
2016,12.0,Italien,379688,1110771
2016,12.0,Schweiz und Liechtenstein,12827,44908
2016,12.0,Österreich,11345,29866
2017,1.0,Andere Länder,81107,464905
2017,1.0,Beneluxstaaten,12808,73820
2017,1.0,Deutschland,176545,973758
2017,1.0,Italien,247201,1040259
2017,1.0,Schweiz und Liechtenstein,11371,54815
2017,1.0,Österreich,10234,36936
2017,2.0,Andere Länder,94875,556150
2017,2.0,Beneluxstaaten,35976,174838
2017,2.0,Deutschland,219075,1111801
2017,2.0,Italien,195188,718017
2017,2.0,Schweiz und Liechtenstein,15303,86664
2017,2.0,Österreich,16844,74877
2017,3.0,Andere Länder,60368,345314
2017,3.0,Beneluxstaaten,14562,124990
2017,3.0,Deutschland,193215,1078703
2017,3.0,Italien,160147,615925
2017,3.0,Schweiz und Liechtenstein,13360,64911
2017,3.0,Österreich,17482,57508
2017,4.0,Andere Länder,18720,67470
2017,4.0,Beneluxstaaten,9528,48042
2017,4.0,Deutschland,245407,1090886
2017,4.0,Italien,97668,249177
2017,4.0,Schweiz und Liechtenstein,41267,167675
2017,4.0,Österreich,26855,72720
2017,5.0,Andere Länder,25202,74036
2017,5.0,Beneluxstaaten,7615,27802
2017,5.0,Deutschland,211881,953208
2017,5.0,Italien,62444,157729
2017,5.0,Schweiz und Liechtenstein,39774,167230
2017,5.0,Österreich,33292,93153
2017,6.0,Andere Länder,55442,160740
2017,6.0,Beneluxstaaten,22116,87388
2017,6.0,Deutschland,394275,1892407
2017,6.0,Italien,170115,508539
2017,6.0,Schweiz und Liechtenstein,36558,148670
2017,6.0,Österreich,38151,109347
2017,7.0,Andere Länder,91630,292964
2017,7.0,Beneluxstaaten,50806,226920
2017,7.0,Deutschland,392869,1985914
2017,7.0,Italien,364183,1740160
2017,7.0,Schweiz und Liechtenstein,57334,251008
2017,7.0,Österreich,39371,121022
2017,8.0,Andere Länder,58549,199404
2017,8.0,Beneluxstaaten,30518,162784
2017,8.0,Deutschland,393181,2106749
2017,8.0,Italien,516180,3042867
2017,8.0,Schweiz und Liechtenstein,30974,140801
2017,8.0,Österreich,37124,117796
2017,9.0,Andere Länder,50620,154450
2017,9.0,Beneluxstaaten,14748,65504
2017,9.0,Deutschland,458772,2256083
2017,9.0,Italien,144746,539017
2017,9.0,Schweiz und Liechtenstein,45879,190270
2017,9.0,Österreich,44765,137962
2017,10.0,Andere Länder,23861,81633
2017,10.0,Beneluxstaaten,3979,16757
2017,10.0,Deutschland,337169,1593506
2017,10.0,Italien,93443,236182
2017,10.0,Schweiz und Liechtenstein,54420,246327
2017,10.0,Österreich,51842,139885
2017,11.0,Andere Länder,11368,47205
2017,11.0,Beneluxstaaten,752,3578
2017,11.0,Deutschland,42204,213267
2017,11.0,Italien,104521,244625
2017,11.0,Schweiz und Liechtenstein,8562,31162
2017,11.0,Österreich,17099,39887
2017,12.0,Andere Länder,51817,222592
2017,12.0,Beneluxstaaten,9662,50622
2017,12.0,Deutschland,125374,524304
2017,12.0,Italien,407314,1207859
2017,12.0,Schweiz und Liechtenstein,13037,47095
2017,12.0,Österreich,11720,31532
2018,1.0,Andere Länder,92004,530805
2018,1.0,Beneluxstaaten,13115,75892
2018,1.0,Deutschland,179942,1010529
2018,1.0,Italien,254703,1060417
2018,1.0,Schweiz und Liechtenstein,11929,60751
2018,1.0,Österreich,12174,42212
2018,2.0,Andere Länder,96350,545147
2018,2.0,Beneluxstaaten,39198,210771
2018,2.0,Deutschland,247434,1322368
2018,2.0,Italien,215212,815963
2018,2.0,Schweiz und Liechtenstein,17096,95298
2018,2.0,Österreich,18662,79251
2018,3.0,Andere Länder,67781,372280
2018,3.0,Beneluxstaaten,18517,113711
2018,3.0,Deutschland,287391,1383033
2018,3.0,Italien,185533,633999
2018,3.0,Schweiz und Liechtenstein,18929,76313
2018,3.0,Österreich,23284,80320
2018,4.0,Andere Länder,20110,85267
2018,4.0,Beneluxstaaten,6793,50144
2018,4.0,Deutschland,149605,746577
2018,4.0,Italien,86865,263127
2018,4.0,Schweiz und Liechtenstein,35456,150662
2018,4.0,Österreich,25707,68147
2018,5.0,Andere Länder,26814,84559
2018,5.0,Beneluxstaaten,7519,28584
2018,5.0,Deutschland,321033,1404395
2018,5.0,Italien,64288,162691
2018,5.0,Schweiz und Liechtenstein,40958,170112
2018,5.0,Österreich,36337,90656
2018,6.0,Andere Länder,63921,186846
2018,6.0,Beneluxstaaten,22755,91747
2018,6.0,Deutschland,332620,1609151
2018,6.0,Italien,174903,516491
2018,6.0,Schweiz und Liechtenstein,37279,156244
2018,6.0,Österreich,37708,114335
2018,7.0,Andere Länder,98797,319987
2018,7.0,Beneluxstaaten,48126,218034
2018,7.0,Deutschland,403551,2124592
2018,7.0,Italien,329394,1669996
2018,7.0,Schweiz und Liechtenstein,54088,242042
2018,7.0,Österreich,40600,125784
2018,8.0,Andere Länder,67941,223471
2018,8.0,Beneluxstaaten,29467,151246
2018,8.0,Deutschland,388396,2039708
2018,8.0,Italien,520650,3038053
2018,8.0,Schweiz und Liechtenstein,30824,135256
2018,8.0,Österreich,38852,120765
2018,9.0,Andere Länder,60251,176527
2018,9.0,Beneluxstaaten,16180,70409
2018,9.0,Deutschland,473907,2228718
2018,9.0,Italien,164743,561152
2018,9.0,Schweiz und Liechtenstein,52391,199989
2018,9.0,Österreich,47911,142157
2018,10.0,Andere Länder,27187,91396
2018,10.0,Beneluxstaaten,4031,17423
2018,10.0,Deutschland,311008,1572608
2018,10.0,Italien,96334,236642
2018,10.0,Schweiz und Liechtenstein,51967,241563
2018,10.0,Österreich,51125,136906
2018,11.0,Andere Länder,13387,49192
2018,11.0,Beneluxstaaten,1020,3276
2018,11.0,Deutschland,48068,199803
2018,11.0,Italien,125468,285913
2018,11.0,Schweiz und Liechtenstein,9226,31757
2018,11.0,Österreich,18103,42942
2018,12.0,Andere Länder,58884,253318
2018,12.0,Beneluxstaaten,11148,58114
2018,12.0,Deutschland,146085,627740
2018,12.0,Italien,364322,1119279
2018,12.0,Schweiz und Liechtenstein,13547,50004
2018,12.0,Österreich,12882,34713
2019,1.0,Andere Länder,94436,552218
2019,1.0,Beneluxstaaten,13185,79232
2019,1.0,Deutschland,174110,1014540
2019,1.0,Italien,236128,962347
2019,1.0,Schweiz und Liechtenstein,12167,64204
2019,1.0,Österreich,12675,45421
2019,2.0,Andere Länder,116494,653761
2019,2.0,Beneluxstaaten,29690,168585
2019,2.0,Deutschland,205993,1092582
2019,2.0,Italien,208893,744634
2019,2.0,Schweiz und Liechtenstein,16682,88277
2019,2.0,Österreich,21830,91676
2019,3.0,Andere Länder,64195,341677
2019,3.0,Beneluxstaaten,27107,159767
2019,3.0,Deutschland,251765,1247758
2019,3.0,Italien,181233,637564
2019,3.0,Schweiz und Liechtenstein,16480,73311
2019,3.0,Österreich,20699,64370
2019,4.0,Andere Länder,23128,82174
2019,4.0,Beneluxstaaten,9674,50160
2019,4.0,Deutschland,221685,1010612
2019,4.0,Italien,93814,252597
2019,4.0,Schweiz und Liechtenstein,37342,150681
2019,4.0,Österreich,25086,69424
2019,5.0,Andere Länder,30384,86474
2019,5.0,Beneluxstaaten,7953,28908
2019,5.0,Deutschland,225847,972559
2019,5.0,Italien,68106,160724
2019,5.0,Schweiz und Liechtenstein,38415,159665
2019,5.0,Österreich,37156,97025
2019,6.0,Andere Länder,75946,211358
2019,6.0,Beneluxstaaten,22402,88576
2019,6.0,Deutschland,423396,1983608
2019,6.0,Italien,163751,488832
2019,6.0,Schweiz und Liechtenstein,40982,170332
2019,6.0,Österreich,40668,119158
2019,7.0,Andere Länder,112595,353828
2019,7.0,Beneluxstaaten,50235,226843
2019,7.0,Deutschland,404844,2120669
2019,7.0,Italien,333487,1692346
2019,7.0,Schweiz und Liechtenstein,53805,242593
2019,7.0,Österreich,42471,134728
2019,8.0,Andere Länder,78549,248337
2019,8.0,Beneluxstaaten,31327,157559
2019,8.0,Deutschland,412066,2045110
2019,8.0,Italien,542683,3059869
2019,8.0,Schweiz und Liechtenstein,32944,135545
2019,8.0,Österreich,43056,131983
2019,9.0,Andere Länder,70312,197998
2019,9.0,Beneluxstaaten,15938,68293
2019,9.0,Deutschland,475318,2332588
2019,9.0,Italien,157209,555623
2019,9.0,Schweiz und Liechtenstein,53132,208551
2019,9.0,Österreich,51209,147864
2019,10.0,Andere Länder,35758,111515
2019,10.0,Beneluxstaaten,4257,18161
2019,10.0,Deutschland,360900,1734944
2019,10.0,Italien,106077,250184
2019,10.0,Schweiz und Liechtenstein,53362,244497
2019,10.0,Österreich,52257,137408
2019,11.0,Andere Länder,13220,45097
2019,11.0,Beneluxstaaten,869,3000
2019,11.0,Deutschland,41550,169447
2019,11.0,Italien,127537,284718
2019,11.0,Schweiz und Liechtenstein,8894,33562
2019,11.0,Österreich,17900,44192
2019,12.0,Andere Länder,66789,284246
2019,12.0,Beneluxstaaten,12703,66682
2019,12.0,Deutschland,160246,702219
2019,12.0,Italien,362276,1135185
2019,12.0,Schweiz und Liechtenstein,14767,55433
2019,12.0,Österreich,14273,38946
2020,1.0,Andere Länder,103421,597869
2020,1.0,Beneluxstaaten,14296,84005
2020,1.0,Deutschland,178830,1013876
2020,1.0,Italien,273661,1040835
2020,1.0,Schweiz und Liechtenstein,13418,71285
2020,1.0,Österreich,15146,51485
2020,2.0,Andere Länder,118310,658762
2020,2.0,Beneluxstaaten,42188,242438
2020,2.0,Deutschland,291245,1532497
2020,2.0,Italien,220533,784489
2020,2.0,Schweiz und Liechtenstein,18760,98386
2020,2.0,Österreich,22213,93816
2020,3.0,Andere Länder,7298,59979
2020,3.0,Beneluxstaaten,2271,18647
2020,3.0,Deutschland,32766,225717
2020,3.0,Italien,49539,219414
2020,3.0,Schweiz und Liechtenstein,2947,16890
2020,3.0,Österreich,3392,12862
2020,4.0,Andere Länder,130,5121
2020,4.0,Beneluxstaaten,3,89
2020,4.0,Deutschland,96,649
2020,4.0,Italien,1626,19277
2020,4.0,Schweiz und Liechtenstein,0,1
2020,4.0,Österreich,39,171
2020,5.0,Andere Länder,557,7257
2020,5.0,Beneluxstaaten,22,159
2020,5.0,Deutschland,415,1288
2020,5.0,Italien,10070,43220
2020,5.0,Schweiz und Liechtenstein,35,65
2020,5.0,Österreich,291,983
2020,6.0,Andere Länder,4780,20239
2020,6.0,Beneluxstaaten,2728,9494
2020,6.0,Deutschland,96836,395318
2020,6.0,Italien,94281,306171
2020,6.0,Schweiz und Liechtenstein,10071,37025
2020,6.0,Österreich,6867,17585
2020,7.0,Andere Länder,23374,83087
2020,7.0,Beneluxstaaten,24928,113032
2020,7.0,Deutschland,285611,1429223
2020,7.0,Italien,371296,1793478
2020,7.0,Schweiz und Liechtenstein,40030,183319
2020,7.0,Österreich,24938,73268
2020,8.0,Andere Länder,29465,100274
2020,8.0,Beneluxstaaten,21556,93783
2020,8.0,Deutschland,355432,1681973
2020,8.0,Italien,661759,3553136
2020,8.0,Schweiz und Liechtenstein,26599,104511
2020,8.0,Österreich,28293,81055
2020,9.0,Andere Länder,19922,68919
2020,9.0,Beneluxstaaten,20468,74850
2020,9.0,Deutschland,370997,1884124
2020,9.0,Italien,192058,701075
2020,9.0,Schweiz und Liechtenstein,48749,196551
2020,9.0,Österreich,33325,99608
2020,10.0,Andere Länder,9286,40959
2020,10.0,Beneluxstaaten,3758,13112
2020,10.0,Deutschland,167352,892479
2020,10.0,Italien,102049,262772
2020,10.0,Schweiz und Liechtenstein,47173,223835
2020,10.0,Österreich,25209,75583
2020,11.0,Andere Länder,2119,18137
2020,11.0,Beneluxstaaten,170,765
2020,11.0,Deutschland,1667,9902
2020,11.0,Italien,14369,64246
2020,11.0,Schweiz und Liechtenstein,936,5122
2020,11.0,Österreich,1197,4231
2020,12.0,Andere Länder,2869,16918
2020,12.0,Beneluxstaaten,193,691
2020,12.0,Deutschland,1644,8074
2020,12.0,Italien,26243,79622
2020,12.0,Schweiz und Liechtenstein,456,1720
2020,12.0,Österreich,1078,3104
