Year,Month,Category,Arrivals,Present
2010,1.0,1-2 Sterne,60548,304211
2010,1.0,3 Sterne,188942,882918
2010,1.0,4-5 Sterne,141885,672188
2010,1.0,Andere Betriebe,8594,33384
2010,1.0,Campingplätze,5667,42060
2010,1.0,Privatquartiere,38328,240228
2010,1.0,Privatquartiere mit Vertrag,571,4755
2010,1.0,Residence,46174,292074
2010,1.0,Urlaub auf dem Bauernhof,19742,124242
2010,2.0,1-2 Sterne,60774,315323
2010,2.0,3 Sterne,180999,911024
2010,2.0,4-5 Sterne,132176,648963
2010,2.0,Andere Betriebe,10256,41935
2010,2.0,Campingplätze,5016,29707
2010,2.0,Privatquartiere,42098,264178
2010,2.0,Privatquartiere mit Vertrag,683,4821
2010,2.0,Residence,46239,309870
2010,2.0,Urlaub auf dem Bauernhof,23644,138018
2010,3.0,1-2 Sterne,43752,238004
2010,3.0,3 Sterne,151958,754728
2010,3.0,4-5 Sterne,126913,614533
2010,3.0,Andere Betriebe,9241,32160
2010,3.0,Campingplätze,5920,30604
2010,3.0,Privatquartiere,24358,173350
2010,3.0,Privatquartiere mit Vertrag,516,3537
2010,3.0,Residence,33121,246224
2010,3.0,Urlaub auf dem Bauernhof,13058,80516
2010,4.0,1-2 Sterne,24942,119535
2010,4.0,3 Sterne,117488,487124
2010,4.0,4-5 Sterne,95684,413886
2010,4.0,Andere Betriebe,7069,19341
2010,4.0,Campingplätze,11711,62455
2010,4.0,Privatquartiere,8806,64831
2010,4.0,Privatquartiere mit Vertrag,182,1572
2010,4.0,Residence,16306,125444
2010,4.0,Urlaub auf dem Bauernhof,12072,71290
2010,5.0,1-2 Sterne,30476,122175
2010,5.0,3 Sterne,140405,520344
2010,5.0,4-5 Sterne,114635,443551
2010,5.0,Andere Betriebe,6866,14977
2010,5.0,Campingplätze,20425,91037
2010,5.0,Privatquartiere,9989,57822
2010,5.0,Privatquartiere mit Vertrag,66,375
2010,5.0,Residence,17898,116904
2010,5.0,Urlaub auf dem Bauernhof,20324,107098
2010,6.0,1-2 Sterne,39801,179482
2010,6.0,3 Sterne,170265,735491
2010,6.0,4-5 Sterne,124095,580480
2010,6.0,Andere Betriebe,11055,30117
2010,6.0,Campingplätze,21767,106433
2010,6.0,Privatquartiere,14808,92946
2010,6.0,Privatquartiere mit Vertrag,278,1668
2010,6.0,Residence,22214,167225
2010,6.0,Urlaub auf dem Bauernhof,21125,144429
2010,7.0,1-2 Sterne,78095,398948
2010,7.0,3 Sterne,256010,1256689
2010,7.0,4-5 Sterne,181075,927977
2010,7.0,Andere Betriebe,33149,90594
2010,7.0,Campingplätze,49757,255791
2010,7.0,Privatquartiere,40539,290848
2010,7.0,Privatquartiere mit Vertrag,820,5342
2010,7.0,Residence,48626,379806
2010,7.0,Urlaub auf dem Bauernhof,45142,349683
2010,8.0,1-2 Sterne,96998,556068
2010,8.0,3 Sterne,306418,1659322
2010,8.0,4-5 Sterne,201773,1140339
2010,8.0,Andere Betriebe,32944,104233
2010,8.0,Campingplätze,53891,316080
2010,8.0,Privatquartiere,53633,461016
2010,8.0,Privatquartiere mit Vertrag,1124,10231
2010,8.0,Residence,54281,508646
2010,8.0,Urlaub auf dem Bauernhof,55379,479659
2010,9.0,1-2 Sterne,54478,269321
2010,9.0,3 Sterne,220864,1040404
2010,9.0,4-5 Sterne,158049,767727
2010,9.0,Andere Betriebe,17591,43865
2010,9.0,Campingplätze,25770,144485
2010,9.0,Privatquartiere,21715,164190
2010,9.0,Privatquartiere mit Vertrag,373,3056
2010,9.0,Residence,28171,229229
2010,9.0,Urlaub auf dem Bauernhof,26946,216126
2010,10.0,1-2 Sterne,34000,152314
2010,10.0,3 Sterne,176510,676769
2010,10.0,4-5 Sterne,149307,596240
2010,10.0,Andere Betriebe,7477,16872
2010,10.0,Campingplätze,16368,84392
2010,10.0,Privatquartiere,11309,74067
2010,10.0,Privatquartiere mit Vertrag,138,960
2010,10.0,Residence,22795,143514
2010,10.0,Urlaub auf dem Bauernhof,20936,123250
2010,11.0,1-2 Sterne,10623,45348
2010,11.0,3 Sterne,51211,132478
2010,11.0,4-5 Sterne,56882,181338
2010,11.0,Andere Betriebe,3763,8697
2010,11.0,Campingplätze,1009,5282
2010,11.0,Privatquartiere,2292,19518
2010,11.0,Privatquartiere mit Vertrag,18,130
2010,11.0,Residence,5161,41308
2010,11.0,Urlaub auf dem Bauernhof,2991,20204
2010,12.0,1-2 Sterne,46923,184508
2010,12.0,3 Sterne,181731,632836
2010,12.0,4-5 Sterne,145393,543291
2010,12.0,Andere Betriebe,9568,29191
2010,12.0,Campingplätze,8429,36066
2010,12.0,Privatquartiere,29190,151027
2010,12.0,Privatquartiere mit Vertrag,625,2699
2010,12.0,Residence,36998,195440
2010,12.0,Urlaub auf dem Bauernhof,21999,101490
2011,1.0,1-2 Sterne,61046,303735
2011,1.0,3 Sterne,197315,928641
2011,1.0,4-5 Sterne,152265,719617
2011,1.0,Andere Betriebe,9242,37687
2011,1.0,Campingplätze,6908,47236
2011,1.0,Privatquartiere,40109,252499
2011,1.0,Privatquartiere mit Vertrag,701,5431
2011,1.0,Residence,46859,303897
2011,1.0,Urlaub auf dem Bauernhof,22087,135455
2011,2.0,1-2 Sterne,52424,274244
2011,2.0,3 Sterne,165790,816492
2011,2.0,4-5 Sterne,128632,605233
2011,2.0,Andere Betriebe,8786,33684
2011,2.0,Campingplätze,3954,24734
2011,2.0,Privatquartiere,35944,226099
2011,2.0,Privatquartiere mit Vertrag,679,4319
2011,2.0,Residence,41389,273193
2011,2.0,Urlaub auf dem Bauernhof,18092,106699
2011,3.0,1-2 Sterne,46218,249060
2011,3.0,3 Sterne,156764,782076
2011,3.0,4-5 Sterne,132190,654193
2011,3.0,Andere Betriebe,9655,32604
2011,3.0,Campingplätze,5298,29831
2011,3.0,Privatquartiere,28611,200534
2011,3.0,Privatquartiere mit Vertrag,536,3979
2011,3.0,Residence,35364,254338
2011,3.0,Urlaub auf dem Bauernhof,16809,100904
2011,4.0,1-2 Sterne,26638,120169
2011,4.0,3 Sterne,117871,453843
2011,4.0,4-5 Sterne,98210,392553
2011,4.0,Andere Betriebe,7221,19301
2011,4.0,Campingplätze,16747,77601
2011,4.0,Privatquartiere,9287,56438
2011,4.0,Privatquartiere mit Vertrag,186,1075
2011,4.0,Residence,18413,117509
2011,4.0,Urlaub auf dem Bauernhof,16174,85653
2011,5.0,1-2 Sterne,23375,102632
2011,5.0,3 Sterne,116383,455154
2011,5.0,4-5 Sterne,92895,383019
2011,5.0,Andere Betriebe,5875,13383
2011,5.0,Campingplätze,12707,59219
2011,5.0,Privatquartiere,7080,47285
2011,5.0,Privatquartiere mit Vertrag,34,239
2011,5.0,Residence,11910,91202
2011,5.0,Urlaub auf dem Bauernhof,12028,71784
2011,6.0,1-2 Sterne,48288,195832
2011,6.0,3 Sterne,202784,840885
2011,6.0,4-5 Sterne,151587,681534
2011,6.0,Andere Betriebe,13208,34899
2011,6.0,Campingplätze,29535,134545
2011,6.0,Privatquartiere,18789,111999
2011,6.0,Privatquartiere mit Vertrag,289,1765
2011,6.0,Residence,29423,196651
2011,6.0,Urlaub auf dem Bauernhof,31252,191142
2011,7.0,1-2 Sterne,81760,402566
2011,7.0,3 Sterne,274791,1311743
2011,7.0,4-5 Sterne,193900,978399
2011,7.0,Andere Betriebe,34716,94445
2011,7.0,Campingplätze,50363,254702
2011,7.0,Privatquartiere,43283,301986
2011,7.0,Privatquartiere mit Vertrag,887,6707
2011,7.0,Residence,51428,386174
2011,7.0,Urlaub auf dem Bauernhof,50064,364185
2011,8.0,1-2 Sterne,97141,547979
2011,8.0,3 Sterne,304577,1656110
2011,8.0,4-5 Sterne,199774,1155626
2011,8.0,Andere Betriebe,38878,111383
2011,8.0,Campingplätze,55418,332948
2011,8.0,Privatquartiere,52855,459498
2011,8.0,Privatquartiere mit Vertrag,1186,8991
2011,8.0,Residence,53977,511984
2011,8.0,Urlaub auf dem Bauernhof,54970,494247
2011,9.0,1-2 Sterne,59392,274828
2011,9.0,3 Sterne,243495,1087530
2011,9.0,4-5 Sterne,171603,809360
2011,9.0,Andere Betriebe,19907,46018
2011,9.0,Campingplätze,29881,158993
2011,9.0,Privatquartiere,23516,165272
2011,9.0,Privatquartiere mit Vertrag,293,2068
2011,9.0,Residence,29923,234421
2011,9.0,Urlaub auf dem Bauernhof,29922,222363
2011,10.0,1-2 Sterne,34853,153364
2011,10.0,3 Sterne,181963,705185
2011,10.0,4-5 Sterne,157314,644755
2011,10.0,Andere Betriebe,7837,18594
2011,10.0,Campingplätze,17334,88379
2011,10.0,Privatquartiere,11937,73326
2011,10.0,Privatquartiere mit Vertrag,116,749
2011,10.0,Residence,23628,146968
2011,10.0,Urlaub auf dem Bauernhof,22918,129981
2011,11.0,1-2 Sterne,9111,40211
2011,11.0,3 Sterne,47555,120104
2011,11.0,4-5 Sterne,53949,174544
2011,11.0,Andere Betriebe,3917,8876
2011,11.0,Campingplätze,788,4918
2011,11.0,Privatquartiere,1960,16967
2011,11.0,Privatquartiere mit Vertrag,25,90
2011,11.0,Residence,4917,39843
2011,11.0,Urlaub auf dem Bauernhof,2931,19405
2011,12.0,1-2 Sterne,46599,173435
2011,12.0,3 Sterne,179817,597798
2011,12.0,4-5 Sterne,140815,509974
2011,12.0,Andere Betriebe,10187,27910
2011,12.0,Campingplätze,8254,31938
2011,12.0,Privatquartiere,31261,140164
2011,12.0,Privatquartiere mit Vertrag,643,2596
2011,12.0,Residence,38886,184864
2011,12.0,Urlaub auf dem Bauernhof,25287,102620
2012,1.0,1-2 Sterne,57936,288557
2012,1.0,3 Sterne,193440,911053
2012,1.0,4-5 Sterne,142567,694550
2012,1.0,Andere Betriebe,8909,36578
2012,1.0,Campingplätze,5731,40953
2012,1.0,Privatquartiere,39552,264114
2012,1.0,Privatquartiere mit Vertrag,607,5348
2012,1.0,Residence,45322,311186
2012,1.0,Urlaub auf dem Bauernhof,22287,142992
2012,2.0,1-2 Sterne,58182,298245
2012,2.0,3 Sterne,183428,913388
2012,2.0,4-5 Sterne,134718,664938
2012,2.0,Andere Betriebe,10226,37223
2012,2.0,Campingplätze,4261,25970
2012,2.0,Privatquartiere,42773,268606
2012,2.0,Privatquartiere mit Vertrag,663,4464
2012,2.0,Residence,47832,321294
2012,2.0,Urlaub auf dem Bauernhof,26118,150178
2012,3.0,1-2 Sterne,42323,208661
2012,3.0,3 Sterne,153075,665658
2012,3.0,4-5 Sterne,127337,554785
2012,3.0,Andere Betriebe,9768,27661
2012,3.0,Campingplätze,5666,26066
2012,3.0,Privatquartiere,23462,149825
2012,3.0,Privatquartiere mit Vertrag,430,2853
2012,3.0,Residence,33192,213904
2012,3.0,Urlaub auf dem Bauernhof,13550,72581
2012,4.0,1-2 Sterne,26813,127100
2012,4.0,3 Sterne,125864,527169
2012,4.0,4-5 Sterne,105765,458010
2012,4.0,Andere Betriebe,6272,17505
2012,4.0,Campingplätze,16787,82408
2012,4.0,Privatquartiere,11431,76367
2012,4.0,Privatquartiere mit Vertrag,155,1097
2012,4.0,Residence,18164,138025
2012,4.0,Urlaub auf dem Bauernhof,19427,107446
2012,5.0,1-2 Sterne,31876,121205
2012,5.0,3 Sterne,146525,542706
2012,5.0,4-5 Sterne,109710,446846
2012,5.0,Andere Betriebe,7968,16350
2012,5.0,Campingplätze,20459,89728
2012,5.0,Privatquartiere,10838,61448
2012,5.0,Privatquartiere mit Vertrag,70,400
2012,5.0,Residence,15930,113815
2012,5.0,Urlaub auf dem Bauernhof,21022,115862
2012,6.0,1-2 Sterne,48460,184815
2012,6.0,3 Sterne,203535,805371
2012,6.0,4-5 Sterne,148871,645274
2012,6.0,Andere Betriebe,14336,34652
2012,6.0,Campingplätze,28143,132027
2012,6.0,Privatquartiere,20640,111845
2012,6.0,Privatquartiere mit Vertrag,290,1571
2012,6.0,Residence,30669,189782
2012,6.0,Urlaub auf dem Bauernhof,30404,182369
2012,7.0,1-2 Sterne,79092,382502
2012,7.0,3 Sterne,268201,1276470
2012,7.0,4-5 Sterne,185980,966620
2012,7.0,Andere Betriebe,33840,91641
2012,7.0,Campingplätze,53284,278297
2012,7.0,Privatquartiere,41216,303932
2012,7.0,Privatquartiere mit Vertrag,867,6028
2012,7.0,Residence,47767,394289
2012,7.0,Urlaub auf dem Bauernhof,49974,396556
2012,8.0,1-2 Sterne,101710,538914
2012,8.0,3 Sterne,325566,1676490
2012,8.0,4-5 Sterne,210005,1166193
2012,8.0,Andere Betriebe,39524,115579
2012,8.0,Campingplätze,57206,334217
2012,8.0,Privatquartiere,56893,470181
2012,8.0,Privatquartiere mit Vertrag,1239,10318
2012,8.0,Residence,57894,525521
2012,8.0,Urlaub auf dem Bauernhof,58829,524214
2012,9.0,1-2 Sterne,61690,266170
2012,9.0,3 Sterne,257614,1105000
2012,9.0,4-5 Sterne,186829,838426
2012,9.0,Andere Betriebe,20017,39856
2012,9.0,Campingplätze,29978,156459
2012,9.0,Privatquartiere,25890,168391
2012,9.0,Privatquartiere mit Vertrag,321,2310
2012,9.0,Residence,33994,241421
2012,9.0,Urlaub auf dem Bauernhof,35089,243050
2012,10.0,1-2 Sterne,32659,139144
2012,10.0,3 Sterne,167805,683048
2012,10.0,4-5 Sterne,144177,636351
2012,10.0,Andere Betriebe,6694,15920
2012,10.0,Campingplätze,15930,90653
2012,10.0,Privatquartiere,11646,77184
2012,10.0,Privatquartiere mit Vertrag,123,886
2012,10.0,Residence,20046,143670
2012,10.0,Urlaub auf dem Bauernhof,22358,146278
2012,11.0,1-2 Sterne,10887,37168
2012,11.0,3 Sterne,54707,131667
2012,11.0,4-5 Sterne,62872,187816
2012,11.0,Andere Betriebe,4015,7538
2012,11.0,Campingplätze,2157,7640
2012,11.0,Privatquartiere,2643,17891
2012,11.0,Privatquartiere mit Vertrag,33,157
2012,11.0,Residence,6487,41049
2012,11.0,Urlaub auf dem Bauernhof,4010,22780
2012,12.0,1-2 Sterne,50223,179114
2012,12.0,3 Sterne,187675,624508
2012,12.0,4-5 Sterne,141669,518535
2012,12.0,Andere Betriebe,9985,34882
2012,12.0,Campingplätze,9103,39591
2012,12.0,Privatquartiere,33436,153567
2012,12.0,Privatquartiere mit Vertrag,575,3385
2012,12.0,Residence,41456,199322
2012,12.0,Urlaub auf dem Bauernhof,27459,117971
2013,1.0,1-2 Sterne,50415,261309
2013,1.0,3 Sterne,169781,827535
2013,1.0,4-5 Sterne,132969,662739
2013,1.0,Andere Betriebe,7428,28069
2013,1.0,Campingplätze,4530,34270
2013,1.0,Privatquartiere,32414,239136
2013,1.0,Privatquartiere mit Vertrag,332,3422
2013,1.0,Residence,39944,289745
2013,1.0,Urlaub auf dem Bauernhof,18372,130797
2013,2.0,1-2 Sterne,57188,282747
2013,2.0,3 Sterne,190094,917154
2013,2.0,4-5 Sterne,142838,684946
2013,2.0,Andere Betriebe,9166,32958
2013,2.0,Campingplätze,4746,28732
2013,2.0,Privatquartiere,43914,270861
2013,2.0,Privatquartiere mit Vertrag,589,3691
2013,2.0,Residence,48892,312294
2013,2.0,Urlaub auf dem Bauernhof,28035,159782
2013,3.0,1-2 Sterne,49623,229491
2013,3.0,3 Sterne,184853,799084
2013,3.0,4-5 Sterne,160055,699573
2013,3.0,Andere Betriebe,8566,25530
2013,3.0,Campingplätze,9946,46256
2013,3.0,Privatquartiere,29664,180014
2013,3.0,Privatquartiere mit Vertrag,525,3233
2013,3.0,Residence,42635,258929
2013,3.0,Urlaub auf dem Bauernhof,20924,111415
2013,4.0,1-2 Sterne,16355,74827
2013,4.0,3 Sterne,91428,357444
2013,4.0,4-5 Sterne,78649,328651
2013,4.0,Andere Betriebe,5791,13953
2013,4.0,Campingplätze,10248,52188
2013,4.0,Privatquartiere,5900,44768
2013,4.0,Privatquartiere mit Vertrag,105,935
2013,4.0,Residence,11348,88307
2013,4.0,Urlaub auf dem Bauernhof,9664,60239
2013,5.0,1-2 Sterne,32471,119246
2013,5.0,3 Sterne,155113,588349
2013,5.0,4-5 Sterne,117017,481758
2013,5.0,Andere Betriebe,7348,16695
2013,5.0,Campingplätze,23930,105007
2013,5.0,Privatquartiere,11786,67604
2013,5.0,Privatquartiere mit Vertrag,52,396
2013,5.0,Residence,19250,128981
2013,5.0,Urlaub auf dem Bauernhof,25338,147920
2013,6.0,1-2 Sterne,43228,160729
2013,6.0,3 Sterne,191909,754192
2013,6.0,4-5 Sterne,143543,597970
2013,6.0,Andere Betriebe,12291,29173
2013,6.0,Campingplätze,26094,113680
2013,6.0,Privatquartiere,18537,101247
2013,6.0,Privatquartiere mit Vertrag,254,1695
2013,6.0,Residence,28149,168114
2013,6.0,Urlaub auf dem Bauernhof,27240,162141
2013,7.0,1-2 Sterne,78163,365516
2013,7.0,3 Sterne,265024,1252665
2013,7.0,4-5 Sterne,180421,938492
2013,7.0,Andere Betriebe,34044,95422
2013,7.0,Campingplätze,55952,272449
2013,7.0,Privatquartiere,39167,293759
2013,7.0,Privatquartiere mit Vertrag,937,4559
2013,7.0,Residence,48509,388803
2013,7.0,Urlaub auf dem Bauernhof,48898,399287
2013,8.0,1-2 Sterne,103619,526786
2013,8.0,3 Sterne,340631,1686806
2013,8.0,4-5 Sterne,221120,1182684
2013,8.0,Andere Betriebe,38380,113074
2013,8.0,Campingplätze,64584,356413
2013,8.0,Privatquartiere,58026,469013
2013,8.0,Privatquartiere mit Vertrag,1680,10686
2013,8.0,Residence,65514,540424
2013,8.0,Urlaub auf dem Bauernhof,62709,534652
2013,9.0,1-2 Sterne,58188,251931
2013,9.0,3 Sterne,250410,1087543
2013,9.0,4-5 Sterne,178812,818330
2013,9.0,Andere Betriebe,21342,40142
2013,9.0,Campingplätze,33259,170263
2013,9.0,Privatquartiere,24356,168929
2013,9.0,Privatquartiere mit Vertrag,320,2358
2013,9.0,Residence,32645,241619
2013,9.0,Urlaub auf dem Bauernhof,33505,249221
2013,10.0,1-2 Sterne,31562,127057
2013,10.0,3 Sterne,170554,666870
2013,10.0,4-5 Sterne,154106,641926
2013,10.0,Andere Betriebe,7129,16906
2013,10.0,Campingplätze,18023,92203
2013,10.0,Privatquartiere,11812,75099
2013,10.0,Privatquartiere mit Vertrag,97,651
2013,10.0,Residence,23070,146296
2013,10.0,Urlaub auf dem Bauernhof,22967,150092
2013,11.0,1-2 Sterne,10385,31197
2013,11.0,3 Sterne,56374,130678
2013,11.0,4-5 Sterne,61503,181220
2013,11.0,Andere Betriebe,3983,7621
2013,11.0,Campingplätze,2207,9022
2013,11.0,Privatquartiere,2785,18570
2013,11.0,Privatquartiere mit Vertrag,9,96
2013,11.0,Residence,6142,37367
2013,11.0,Urlaub auf dem Bauernhof,3964,21016
2013,12.0,1-2 Sterne,50663,177998
2013,12.0,3 Sterne,192302,645805
2013,12.0,4-5 Sterne,145629,534534
2013,12.0,Andere Betriebe,10243,33424
2013,12.0,Campingplätze,9056,41135
2013,12.0,Privatquartiere,33368,156696
2013,12.0,Privatquartiere mit Vertrag,474,1901
2013,12.0,Residence,43188,206075
2013,12.0,Urlaub auf dem Bauernhof,28323,122414
2014,1.0,1-2 Sterne,52073,252857
2014,1.0,3 Sterne,180930,838470
2014,1.0,4-5 Sterne,136963,666326
2014,1.0,Andere Betriebe,7487,29450
2014,1.0,Campingplätze,5531,34704
2014,1.0,Privatquartiere,33301,232292
2014,1.0,Privatquartiere mit Vertrag,372,3214
2014,1.0,Residence,40621,273955
2014,1.0,Urlaub auf dem Bauernhof,20489,137961
2014,2.0,1-2 Sterne,53251,253363
2014,2.0,3 Sterne,178129,828119
2014,2.0,4-5 Sterne,136728,640259
2014,2.0,Andere Betriebe,7999,29118
2014,2.0,Campingplätze,4456,23153
2014,2.0,Privatquartiere,39893,238338
2014,2.0,Privatquartiere mit Vertrag,319,1921
2014,2.0,Residence,46800,285512
2014,2.0,Urlaub auf dem Bauernhof,24213,134121
2014,3.0,1-2 Sterne,51761,232721
2014,3.0,3 Sterne,183033,787843
2014,3.0,4-5 Sterne,145845,652789
2014,3.0,Andere Betriebe,10838,33023
2014,3.0,Campingplätze,7161,37196
2014,3.0,Privatquartiere,34453,200659
2014,3.0,Privatquartiere mit Vertrag,340,2046
2014,3.0,Residence,42760,248847
2014,3.0,Urlaub auf dem Bauernhof,22479,122333
2014,4.0,1-2 Sterne,25361,100107
2014,4.0,3 Sterne,118414,433495
2014,4.0,4-5 Sterne,99616,397603
2014,4.0,Andere Betriebe,7166,17579
2014,4.0,Campingplätze,19405,87980
2014,4.0,Privatquartiere,10258,55292
2014,4.0,Privatquartiere mit Vertrag,147,819
2014,4.0,Residence,20960,116965
2014,4.0,Urlaub auf dem Bauernhof,20417,104347
2014,5.0,1-2 Sterne,28442,93912
2014,5.0,3 Sterne,139385,481477
2014,5.0,4-5 Sterne,107688,404732
2014,5.0,Andere Betriebe,6694,14990
2014,5.0,Campingplätze,20036,79506
2014,5.0,Privatquartiere,9998,49599
2014,5.0,Privatquartiere mit Vertrag,75,428
2014,5.0,Residence,16279,90333
2014,5.0,Urlaub auf dem Bauernhof,17954,92063
2014,6.0,1-2 Sterne,50106,173675
2014,6.0,3 Sterne,206789,799990
2014,6.0,4-5 Sterne,151772,657319
2014,6.0,Andere Betriebe,14901,34965
2014,6.0,Campingplätze,35509,155264
2014,6.0,Privatquartiere,21483,115758
2014,6.0,Privatquartiere mit Vertrag,284,1697
2014,6.0,Residence,31661,187035
2014,6.0,Urlaub auf dem Bauernhof,35758,216748
2014,7.0,1-2 Sterne,74538,333044
2014,7.0,3 Sterne,256345,1186962
2014,7.0,4-5 Sterne,176388,899373
2014,7.0,Andere Betriebe,33227,86561
2014,7.0,Campingplätze,48915,237229
2014,7.0,Privatquartiere,39126,281603
2014,7.0,Privatquartiere mit Vertrag,1007,4631
2014,7.0,Residence,49039,368236
2014,7.0,Urlaub auf dem Bauernhof,48000,382317
2014,8.0,1-2 Sterne,99337,493340
2014,8.0,3 Sterne,338273,1614063
2014,8.0,4-5 Sterne,221233,1147798
2014,8.0,Andere Betriebe,39137,105824
2014,8.0,Campingplätze,64454,334770
2014,8.0,Privatquartiere,59058,452673
2014,8.0,Privatquartiere mit Vertrag,1577,8746
2014,8.0,Residence,66661,521074
2014,8.0,Urlaub auf dem Bauernhof,67593,541587
2014,9.0,1-2 Sterne,55493,236545
2014,9.0,3 Sterne,243026,1073511
2014,9.0,4-5 Sterne,169950,818530
2014,9.0,Andere Betriebe,22457,41717
2014,9.0,Campingplätze,33555,166881
2014,9.0,Privatquartiere,23809,162802
2014,9.0,Privatquartiere mit Vertrag,300,1847
2014,9.0,Residence,32640,236177
2014,9.0,Urlaub auf dem Bauernhof,32874,257727
2014,10.0,1-2 Sterne,34346,127256
2014,10.0,3 Sterne,184599,682081
2014,10.0,4-5 Sterne,163481,649339
2014,10.0,Andere Betriebe,7891,15569
2014,10.0,Campingplätze,21212,100041
2014,10.0,Privatquartiere,13549,75061
2014,10.0,Privatquartiere mit Vertrag,145,850
2014,10.0,Residence,24873,142772
2014,10.0,Urlaub auf dem Bauernhof,26219,152361
2014,11.0,1-2 Sterne,10498,27714
2014,11.0,3 Sterne,54485,111954
2014,11.0,4-5 Sterne,61579,165121
2014,11.0,Andere Betriebe,3854,6835
2014,11.0,Campingplätze,1181,5226
2014,11.0,Privatquartiere,3478,15468
2014,11.0,Privatquartiere mit Vertrag,36,155
2014,11.0,Residence,7628,32896
2014,11.0,Urlaub auf dem Bauernhof,4373,17522
2014,12.0,1-2 Sterne,51086,170420
2014,12.0,3 Sterne,199235,638427
2014,12.0,4-5 Sterne,151155,548728
2014,12.0,Andere Betriebe,10159,32601
2014,12.0,Campingplätze,10292,41240
2014,12.0,Privatquartiere,35248,159064
2014,12.0,Privatquartiere mit Vertrag,757,2622
2014,12.0,Residence,45558,202993
2014,12.0,Urlaub auf dem Bauernhof,32377,133737
2015,1.0,1-2 Sterne,56133,255268
2015,1.0,3 Sterne,190290,841366
2015,1.0,4-5 Sterne,146439,680129
2015,1.0,Andere Betriebe,7094,25399
2015,1.0,Campingplätze,5674,36097
2015,1.0,Privatquartiere,39430,237177
2015,1.0,Privatquartiere mit Vertrag,426,3301
2015,1.0,Residence,48163,282940
2015,1.0,Urlaub auf dem Bauernhof,24063,145379
2015,2.0,1-2 Sterne,58140,275104
2015,2.0,3 Sterne,194410,919941
2015,2.0,4-5 Sterne,148409,708473
2015,2.0,Andere Betriebe,9061,33212
2015,2.0,Campingplätze,5829,30456
2015,2.0,Privatquartiere,46849,275173
2015,2.0,Privatquartiere mit Vertrag,619,3306
2015,2.0,Residence,52518,314874
2015,2.0,Urlaub auf dem Bauernhof,30871,177256
2015,3.0,1-2 Sterne,42654,200451
2015,3.0,3 Sterne,158987,699368
2015,3.0,4-5 Sterne,140234,604936
2015,3.0,Andere Betriebe,9273,28552
2015,3.0,Campingplätze,7862,34208
2015,3.0,Privatquartiere,27082,164163
2015,3.0,Privatquartiere mit Vertrag,338,1836
2015,3.0,Residence,35634,221104
2015,3.0,Urlaub auf dem Bauernhof,17459,90508
2015,4.0,1-2 Sterne,24016,96059
2015,4.0,3 Sterne,121730,470660
2015,4.0,4-5 Sterne,106266,441044
2015,4.0,Andere Betriebe,6016,16248
2015,4.0,Campingplätze,17710,83216
2015,4.0,Privatquartiere,11923,69414
2015,4.0,Privatquartiere mit Vertrag,199,877
2015,4.0,Residence,19953,123111
2015,4.0,Urlaub auf dem Bauernhof,17543,97658
2015,5.0,1-2 Sterne,33658,107197
2015,5.0,3 Sterne,162482,547203
2015,5.0,4-5 Sterne,131169,486261
2015,5.0,Andere Betriebe,5852,11573
2015,5.0,Campingplätze,29407,113260
2015,5.0,Privatquartiere,14267,63702
2015,5.0,Privatquartiere mit Vertrag,243,764
2015,5.0,Residence,22972,115666
2015,5.0,Urlaub auf dem Bauernhof,29313,139226
2015,6.0,1-2 Sterne,47078,165960
2015,6.0,3 Sterne,199889,786913
2015,6.0,4-5 Sterne,149713,661326
2015,6.0,Andere Betriebe,12969,29992
2015,6.0,Campingplätze,32983,143189
2015,6.0,Privatquartiere,20338,110914
2015,6.0,Privatquartiere mit Vertrag,483,2107
2015,6.0,Residence,28417,173302
2015,6.0,Urlaub auf dem Bauernhof,29968,195214
2015,7.0,1-2 Sterne,82794,350945
2015,7.0,3 Sterne,291395,1269207
2015,7.0,4-5 Sterne,201181,988004
2015,7.0,Andere Betriebe,37482,94146
2015,7.0,Campingplätze,61175,278096
2015,7.0,Privatquartiere,43350,295944
2015,7.0,Privatquartiere mit Vertrag,1248,5366
2015,7.0,Residence,54261,379013
2015,7.0,Urlaub auf dem Bauernhof,50665,403974
2015,8.0,1-2 Sterne,105468,489279
2015,8.0,3 Sterne,368656,1681339
2015,8.0,4-5 Sterne,240096,1222532
2015,8.0,Andere Betriebe,41707,111057
2015,8.0,Campingplätze,72982,353228
2015,8.0,Privatquartiere,63835,453440
2015,8.0,Privatquartiere mit Vertrag,1704,9736
2015,8.0,Residence,71626,524354
2015,8.0,Urlaub auf dem Bauernhof,71395,552605
2015,9.0,1-2 Sterne,59663,239370
2015,9.0,3 Sterne,255518,1102034
2015,9.0,4-5 Sterne,183120,874348
2015,9.0,Andere Betriebe,21540,43562
2015,9.0,Campingplätze,37548,175174
2015,9.0,Privatquartiere,25205,165861
2015,9.0,Privatquartiere mit Vertrag,635,2499
2015,9.0,Residence,34271,237662
2015,9.0,Urlaub auf dem Bauernhof,34772,263469
2015,10.0,1-2 Sterne,33113,117117
2015,10.0,3 Sterne,176151,641191
2015,10.0,4-5 Sterne,161752,648581
2015,10.0,Andere Betriebe,7668,17368
2015,10.0,Campingplätze,20562,92218
2015,10.0,Privatquartiere,13395,71253
2015,10.0,Privatquartiere mit Vertrag,217,955
2015,10.0,Residence,23362,135139
2015,10.0,Urlaub auf dem Bauernhof,24676,142221
2015,11.0,1-2 Sterne,13160,34846
2015,11.0,3 Sterne,62316,146091
2015,11.0,4-5 Sterne,76557,230546
2015,11.0,Andere Betriebe,4513,9299
2015,11.0,Campingplätze,2668,11002
2015,11.0,Privatquartiere,4926,20883
2015,11.0,Privatquartiere mit Vertrag,30,205
2015,11.0,Residence,8480,42789
2015,11.0,Urlaub auf dem Bauernhof,7328,31964
2015,12.0,1-2 Sterne,52319,170932
2015,12.0,3 Sterne,209116,652886
2015,12.0,4-5 Sterne,158704,569802
2015,12.0,Andere Betriebe,10640,30930
2015,12.0,Campingplätze,10894,38666
2015,12.0,Privatquartiere,36148,157697
2015,12.0,Privatquartiere mit Vertrag,916,3060
2015,12.0,Residence,47683,210096
2015,12.0,Urlaub auf dem Bauernhof,34865,139231
2016,1.0,1-2 Sterne,57357,256826
2016,1.0,3 Sterne,203059,869032
2016,1.0,4-5 Sterne,163608,722649
2016,1.0,Andere Betriebe,8299,28921
2016,1.0,Campingplätze,6098,37744
2016,1.0,Privatquartiere,43284,241406
2016,1.0,Privatquartiere mit Vertrag,488,3324
2016,1.0,Residence,51934,289776
2016,1.0,Urlaub auf dem Bauernhof,27897,154772
2016,2.0,1-2 Sterne,58666,280558
2016,2.0,3 Sterne,202201,949124
2016,2.0,4-5 Sterne,156941,747771
2016,2.0,Andere Betriebe,10163,34057
2016,2.0,Campingplätze,5726,30370
2016,2.0,Privatquartiere,48868,285696
2016,2.0,Privatquartiere mit Vertrag,651,3507
2016,2.0,Residence,54229,331567
2016,2.0,Urlaub auf dem Bauernhof,33389,185153
2016,3.0,1-2 Sterne,52304,239722
2016,3.0,3 Sterne,205640,924123
2016,3.0,4-5 Sterne,177558,815811
2016,3.0,Andere Betriebe,10903,37016
2016,3.0,Campingplätze,16410,73003
2016,3.0,Privatquartiere,38106,226905
2016,3.0,Privatquartiere mit Vertrag,575,2914
2016,3.0,Residence,49381,300152
2016,3.0,Urlaub auf dem Bauernhof,29148,157426
2016,4.0,1-2 Sterne,18757,61900
2016,4.0,3 Sterne,96606,317742
2016,4.0,4-5 Sterne,87762,329274
2016,4.0,Andere Betriebe,6532,14455
2016,4.0,Campingplätze,13562,55948
2016,4.0,Privatquartiere,7730,40034
2016,4.0,Privatquartiere mit Vertrag,101,470
2016,4.0,Residence,13737,78039
2016,4.0,Urlaub auf dem Bauernhof,11351,57343
2016,5.0,1-2 Sterne,37849,125478
2016,5.0,3 Sterne,182108,646870
2016,5.0,4-5 Sterne,143459,573653
2016,5.0,Andere Betriebe,8360,18319
2016,5.0,Campingplätze,35745,145760
2016,5.0,Privatquartiere,17167,80566
2016,5.0,Privatquartiere mit Vertrag,130,713
2016,5.0,Residence,25023,138379
2016,5.0,Urlaub auf dem Bauernhof,33949,180522
2016,6.0,1-2 Sterne,45616,160565
2016,6.0,3 Sterne,204245,790244
2016,6.0,4-5 Sterne,155619,669876
2016,6.0,Andere Betriebe,15116,35215
2016,6.0,Campingplätze,29532,118975
2016,6.0,Privatquartiere,21093,110582
2016,6.0,Privatquartiere mit Vertrag,786,2337
2016,6.0,Residence,29354,170918
2016,6.0,Urlaub auf dem Bauernhof,30844,190190
2016,7.0,1-2 Sterne,91477,366491
2016,7.0,3 Sterne,333753,1379541
2016,7.0,4-5 Sterne,231909,1098021
2016,7.0,Andere Betriebe,40108,98604
2016,7.0,Campingplätze,66681,288988
2016,7.0,Privatquartiere,53781,324789
2016,7.0,Privatquartiere mit Vertrag,1623,6169
2016,7.0,Residence,64975,415128
2016,7.0,Urlaub auf dem Bauernhof,63376,441943
2016,8.0,1-2 Sterne,107450,501409
2016,8.0,3 Sterne,373213,1758842
2016,8.0,4-5 Sterne,240791,1315314
2016,8.0,Andere Betriebe,41678,109501
2016,8.0,Campingplätze,76192,389580
2016,8.0,Privatquartiere,63116,469812
2016,8.0,Privatquartiere mit Vertrag,1953,11173
2016,8.0,Residence,67554,539674
2016,8.0,Urlaub auf dem Bauernhof,67613,569698
2016,9.0,1-2 Sterne,66284,245841
2016,9.0,3 Sterne,283558,1148771
2016,9.0,4-5 Sterne,201545,915036
2016,9.0,Andere Betriebe,25051,48047
2016,9.0,Campingplätze,44904,193516
2016,9.0,Privatquartiere,29566,174216
2016,9.0,Privatquartiere mit Vertrag,859,3141
2016,9.0,Residence,38701,247296
2016,9.0,Urlaub auf dem Bauernhof,39021,273192
2016,10.0,1-2 Sterne,37888,135772
2016,10.0,3 Sterne,204646,750334
2016,10.0,4-5 Sterne,190077,766534
2016,10.0,Andere Betriebe,8533,18816
2016,10.0,Campingplätze,29681,126633
2016,10.0,Privatquartiere,19128,93127
2016,10.0,Privatquartiere mit Vertrag,299,1386
2016,10.0,Residence,30722,161468
2016,10.0,Urlaub auf dem Bauernhof,34381,185118
2016,11.0,1-2 Sterne,12114,33752
2016,11.0,3 Sterne,58784,142823
2016,11.0,4-5 Sterne,71125,221117
2016,11.0,Andere Betriebe,4831,10347
2016,11.0,Campingplätze,2080,10248
2016,11.0,Privatquartiere,5423,23610
2016,11.0,Privatquartiere mit Vertrag,89,229
2016,11.0,Residence,9090,44975
2016,11.0,Urlaub auf dem Bauernhof,5992,31481
2016,12.0,1-2 Sterne,52061,159552
2016,12.0,3 Sterne,210243,636539
2016,12.0,4-5 Sterne,162329,560055
2016,12.0,Andere Betriebe,11547,31241
2016,12.0,Campingplätze,10415,36907
2016,12.0,Privatquartiere,39501,151907
2016,12.0,Privatquartiere mit Vertrag,938,3007
2016,12.0,Residence,50859,199815
2016,12.0,Urlaub auf dem Bauernhof,37540,138377
2017,1.0,1-2 Sterne,53775,247984
2017,1.0,3 Sterne,196537,876556
2017,1.0,4-5 Sterne,157854,731205
2017,1.0,Andere Betriebe,7938,28895
2017,1.0,Campingplätze,6183,37124
2017,1.0,Privatquartiere,40162,248946
2017,1.0,Privatquartiere mit Vertrag,648,4054
2017,1.0,Residence,49019,300764
2017,1.0,Urlaub auf dem Bauernhof,27150,168965
2017,2.0,1-2 Sterne,58083,261197
2017,2.0,3 Sterne,200416,900357
2017,2.0,4-5 Sterne,161252,734462
2017,2.0,Andere Betriebe,9854,32154
2017,2.0,Campingplätze,6163,28320
2017,2.0,Privatquartiere,49961,270187
2017,2.0,Privatquartiere mit Vertrag,786,3512
2017,2.0,Residence,55358,314933
2017,2.0,Urlaub auf dem Bauernhof,35388,177225
2017,3.0,1-2 Sterne,45498,215187
2017,3.0,3 Sterne,168157,776177
2017,3.0,4-5 Sterne,141410,662297
2017,3.0,Andere Betriebe,9921,32002
2017,3.0,Campingplätze,6425,31054
2017,3.0,Privatquartiere,30522,198565
2017,3.0,Privatquartiere mit Vertrag,446,2227
2017,3.0,Residence,37871,248783
2017,3.0,Urlaub auf dem Bauernhof,18884,121059
2017,4.0,1-2 Sterne,34710,121336
2017,4.0,3 Sterne,154658,546443
2017,4.0,4-5 Sterne,131449,504256
2017,4.0,Andere Betriebe,8364,23564
2017,4.0,Campingplätze,30622,124251
2017,4.0,Privatquartiere,18291,79574
2017,4.0,Privatquartiere mit Vertrag,499,1678
2017,4.0,Residence,29577,148208
2017,4.0,Urlaub auf dem Bauernhof,31275,146660
2017,5.0,1-2 Sterne,31600,102759
2017,5.0,3 Sterne,145836,515445
2017,5.0,4-5 Sterne,116357,457075
2017,5.0,Andere Betriebe,7049,16412
2017,5.0,Campingplätze,26498,101765
2017,5.0,Privatquartiere,13573,63301
2017,5.0,Privatquartiere mit Vertrag,188,731
2017,5.0,Residence,17948,101877
2017,5.0,Urlaub auf dem Bauernhof,21159,113793
2017,6.0,1-2 Sterne,61795,210315
2017,6.0,3 Sterne,265264,962495
2017,6.0,4-5 Sterne,195447,823529
2017,6.0,Andere Betriebe,18764,42842
2017,6.0,Campingplätze,51205,203122
2017,6.0,Privatquartiere,31709,150937
2017,6.0,Privatquartiere mit Vertrag,975,3233
2017,6.0,Residence,44445,233409
2017,6.0,Urlaub auf dem Bauernhof,47053,277209
2017,7.0,1-2 Sterne,96805,388633
2017,7.0,3 Sterne,349260,1428432
2017,7.0,4-5 Sterne,238493,1131070
2017,7.0,Andere Betriebe,44944,109540
2017,7.0,Campingplätze,71257,308762
2017,7.0,Privatquartiere,58474,345262
2017,7.0,Privatquartiere mit Vertrag,1645,6818
2017,7.0,Residence,68382,434799
2017,7.0,Urlaub auf dem Bauernhof,66933,464672
2017,8.0,1-2 Sterne,107326,504762
2017,8.0,3 Sterne,376172,1778807
2017,8.0,4-5 Sterne,251474,1345891
2017,8.0,Andere Betriebe,44292,115556
2017,8.0,Campingplätze,78091,399536
2017,8.0,Privatquartiere,67076,486877
2017,8.0,Privatquartiere mit Vertrag,2100,10952
2017,8.0,Residence,70644,548820
2017,8.0,Urlaub auf dem Bauernhof,69351,579200
2017,9.0,1-2 Sterne,66377,249071
2017,9.0,3 Sterne,292549,1176013
2017,9.0,4-5 Sterne,211507,944023
2017,9.0,Andere Betriebe,23844,47131
2017,9.0,Campingplätze,43484,190580
2017,9.0,Privatquartiere,33227,186452
2017,9.0,Privatquartiere mit Vertrag,893,3083
2017,9.0,Residence,43598,262083
2017,9.0,Urlaub auf dem Bauernhof,44051,284850
2017,10.0,1-2 Sterne,39503,140234
2017,10.0,3 Sterne,207843,762793
2017,10.0,4-5 Sterne,188146,774583
2017,10.0,Andere Betriebe,9370,23181
2017,10.0,Campingplätze,33667,146624
2017,10.0,Privatquartiere,19924,99312
2017,10.0,Privatquartiere mit Vertrag,533,1699
2017,10.0,Residence,30366,170038
2017,10.0,Urlaub auf dem Bauernhof,35362,195826
2017,11.0,1-2 Sterne,11908,35600
2017,11.0,3 Sterne,59858,150887
2017,11.0,4-5 Sterne,79816,246497
2017,11.0,Andere Betriebe,5263,11919
2017,11.0,Campingplätze,3042,15133
2017,11.0,Privatquartiere,7291,29672
2017,11.0,Privatquartiere mit Vertrag,145,316
2017,11.0,Residence,9701,49977
2017,11.0,Urlaub auf dem Bauernhof,7482,39723
2017,12.0,1-2 Sterne,54746,169081
2017,12.0,3 Sterne,220391,676344
2017,12.0,4-5 Sterne,174476,607855
2017,12.0,Andere Betriebe,11446,36844
2017,12.0,Campingplätze,11994,44202
2017,12.0,Privatquartiere,46620,173888
2017,12.0,Privatquartiere mit Vertrag,1060,4812
2017,12.0,Residence,56026,219133
2017,12.0,Urlaub auf dem Bauernhof,42165,151845
2018,1.0,1-2 Sterne,55150,255294
2018,1.0,3 Sterne,203397,907242
2018,1.0,4-5 Sterne,166708,775347
2018,1.0,Andere Betriebe,8551,31585
2018,1.0,Campingplätze,6477,39967
2018,1.0,Privatquartiere,42698,266039
2018,1.0,Privatquartiere mit Vertrag,520,6620
2018,1.0,Residence,51367,315728
2018,1.0,Urlaub auf dem Bauernhof,28999,182784
2018,2.0,1-2 Sterne,62732,286287
2018,2.0,3 Sterne,219910,1004092
2018,2.0,4-5 Sterne,175927,816427
2018,2.0,Andere Betriebe,11782,40674
2018,2.0,Campingplätze,6511,32278
2018,2.0,Privatquartiere,55218,312700
2018,2.0,Privatquartiere mit Vertrag,777,7002
2018,2.0,Residence,59833,346743
2018,2.0,Urlaub auf dem Bauernhof,41262,222595
2018,3.0,1-2 Sterne,53472,230978
2018,3.0,3 Sterne,209612,878071
2018,3.0,4-5 Sterne,187893,792115
2018,3.0,Andere Betriebe,11530,35249
2018,3.0,Campingplätze,13406,51022
2018,3.0,Privatquartiere,40540,223632
2018,3.0,Privatquartiere mit Vertrag,467,5984
2018,3.0,Residence,53152,287641
2018,3.0,Urlaub auf dem Bauernhof,31363,154964
2018,4.0,1-2 Sterne,25278,96205
2018,4.0,3 Sterne,117637,442013
2018,4.0,4-5 Sterne,101162,422149
2018,4.0,Andere Betriebe,8298,21244
2018,4.0,Campingplätze,19111,82653
2018,4.0,Privatquartiere,13907,70962
2018,4.0,Privatquartiere mit Vertrag,294,4771
2018,4.0,Residence,19341,115800
2018,4.0,Urlaub auf dem Bauernhof,19508,108127
2018,5.0,1-2 Sterne,39635,128067
2018,5.0,3 Sterne,179033,623086
2018,5.0,4-5 Sterne,143934,564194
2018,5.0,Andere Betriebe,8366,20089
2018,5.0,Campingplätze,38907,151837
2018,5.0,Privatquartiere,21307,96217
2018,5.0,Privatquartiere mit Vertrag,262,4897
2018,5.0,Residence,27796,147290
2018,5.0,Urlaub auf dem Bauernhof,37709,205320
2018,6.0,1-2 Sterne,58816,195678
2018,6.0,3 Sterne,250003,909052
2018,6.0,4-5 Sterne,182721,764904
2018,6.0,Andere Betriebe,18785,42282
2018,6.0,Campingplätze,44763,171102
2018,6.0,Privatquartiere,31831,146754
2018,6.0,Privatquartiere mit Vertrag,888,6810
2018,6.0,Residence,40970,206014
2018,6.0,Urlaub auf dem Bauernhof,40409,232218
2018,7.0,1-2 Sterne,92402,387867
2018,7.0,3 Sterne,337914,1429662
2018,7.0,4-5 Sterne,233403,1145626
2018,7.0,Andere Betriebe,43382,106474
2018,7.0,Campingplätze,73415,313908
2018,7.0,Privatquartiere,59412,361692
2018,7.0,Privatquartiere mit Vertrag,1609,11027
2018,7.0,Residence,66806,445878
2018,7.0,Urlaub auf dem Bauernhof,66213,498301
2018,8.0,1-2 Sterne,104624,490969
2018,8.0,3 Sterne,378251,1744473
2018,8.0,4-5 Sterne,252822,1335797
2018,8.0,Andere Betriebe,46199,117465
2018,8.0,Campingplätze,79754,385528
2018,8.0,Privatquartiere,68731,485857
2018,8.0,Privatquartiere mit Vertrag,2306,16183
2018,8.0,Residence,71638,544998
2018,8.0,Urlaub auf dem Bauernhof,71805,587229
2018,9.0,1-2 Sterne,70281,250367
2018,9.0,3 Sterne,306735,1166047
2018,9.0,4-5 Sterne,223360,944549
2018,9.0,Andere Betriebe,27293,48961
2018,9.0,Campingplätze,53970,221668
2018,9.0,Privatquartiere,36886,190800
2018,9.0,Privatquartiere mit Vertrag,1423,3936
2018,9.0,Residence,47015,259458
2018,9.0,Urlaub auf dem Bauernhof,48420,293166
2018,10.0,1-2 Sterne,36669,136416
2018,10.0,3 Sterne,194773,739984
2018,10.0,4-5 Sterne,186584,783084
2018,10.0,Andere Betriebe,9040,21961
2018,10.0,Campingplätze,29588,134956
2018,10.0,Privatquartiere,20910,104571
2018,10.0,Privatquartiere mit Vertrag,378,1406
2018,10.0,Residence,29536,165724
2018,10.0,Urlaub auf dem Bauernhof,34174,208436
2018,11.0,1-2 Sterne,14069,41317
2018,11.0,3 Sterne,69017,160135
2018,11.0,4-5 Sterne,93051,268936
2018,11.0,Andere Betriebe,5791,12020
2018,11.0,Campingplätze,2449,7988
2018,11.0,Privatquartiere,9078,32266
2018,11.0,Privatquartiere mit Vertrag,156,376
2018,11.0,Residence,12073,50006
2018,11.0,Urlaub auf dem Bauernhof,9588,39839
2018,12.0,1-2 Sterne,53545,176584
2018,12.0,3 Sterne,215901,685839
2018,12.0,4-5 Sterne,173371,623902
2018,12.0,Andere Betriebe,10678,32590
2018,12.0,Campingplätze,10777,43687
2018,12.0,Privatquartiere,46822,187978
2018,12.0,Privatquartiere mit Vertrag,811,2857
2018,12.0,Residence,54179,227215
2018,12.0,Urlaub auf dem Bauernhof,40784,162516
2019,1.0,1-2 Sterne,52361,249437
2019,1.0,3 Sterne,193336,882479
2019,1.0,4-5 Sterne,164419,767037
2019,1.0,Andere Betriebe,7913,29488
2019,1.0,Campingplätze,5617,35146
2019,1.0,Privatquartiere,41242,262928
2019,1.0,Privatquartiere mit Vertrag,624,3394
2019,1.0,Residence,48943,309144
2019,1.0,Urlaub auf dem Bauernhof,28246,178909
2019,2.0,1-2 Sterne,57640,257186
2019,2.0,3 Sterne,206135,926030
2019,2.0,4-5 Sterne,174702,783069
2019,2.0,Andere Betriebe,10172,34725
2019,2.0,Campingplätze,5581,26318
2019,2.0,Privatquartiere,51705,289262
2019,2.0,Privatquartiere mit Vertrag,728,3396
2019,2.0,Residence,56796,325615
2019,2.0,Urlaub auf dem Bauernhof,36123,193914
2019,3.0,1-2 Sterne,53321,232275
2019,3.0,3 Sterne,194067,823471
2019,3.0,4-5 Sterne,172736,737953
2019,3.0,Andere Betriebe,12868,39289
2019,3.0,Campingplätze,9240,37422
2019,3.0,Privatquartiere,40947,226615
2019,3.0,Privatquartiere mit Vertrag,548,2667
2019,3.0,Residence,47121,262502
2019,3.0,Urlaub auf dem Bauernhof,30631,162253
2019,4.0,1-2 Sterne,30317,114921
2019,4.0,3 Sterne,139809,496840
2019,4.0,4-5 Sterne,124003,487989
2019,4.0,Andere Betriebe,7783,21425
2019,4.0,Campingplätze,28632,114093
2019,4.0,Privatquartiere,19531,85108
2019,4.0,Privatquartiere mit Vertrag,426,1647
2019,4.0,Residence,28193,139092
2019,4.0,Urlaub auf dem Bauernhof,32035,154533
2019,5.0,1-2 Sterne,30766,98205
2019,5.0,3 Sterne,151975,515615
2019,5.0,4-5 Sterne,127220,467585
2019,5.0,Andere Betriebe,7954,17767
2019,5.0,Campingplätze,27857,101041
2019,5.0,Privatquartiere,17231,73826
2019,5.0,Privatquartiere mit Vertrag,238,848
2019,5.0,Residence,20071,104395
2019,5.0,Urlaub auf dem Bauernhof,24549,126073
2019,6.0,1-2 Sterne,62207,207718
2019,6.0,3 Sterne,276340,996537
2019,6.0,4-5 Sterne,209412,868581
2019,6.0,Andere Betriebe,18627,42419
2019,6.0,Campingplätze,57013,221917
2019,6.0,Privatquartiere,39168,178618
2019,6.0,Privatquartiere mit Vertrag,793,2726
2019,6.0,Residence,48519,239132
2019,6.0,Urlaub auf dem Bauernhof,55066,304216
2019,7.0,1-2 Sterne,93548,391405
2019,7.0,3 Sterne,343811,1439430
2019,7.0,4-5 Sterne,236100,1161418
2019,7.0,Andere Betriebe,45406,106664
2019,7.0,Campingplätze,77733,325232
2019,7.0,Privatquartiere,63412,383786
2019,7.0,Privatquartiere mit Vertrag,2020,7635
2019,7.0,Residence,68256,448178
2019,7.0,Urlaub auf dem Bauernhof,67151,507259
2019,8.0,1-2 Sterne,108294,483643
2019,8.0,3 Sterne,395089,1751678
2019,8.0,4-5 Sterne,266359,1351788
2019,8.0,Andere Betriebe,46651,116817
2019,8.0,Campingplätze,88420,401031
2019,8.0,Privatquartiere,77045,505784
2019,8.0,Privatquartiere mit Vertrag,2827,13637
2019,8.0,Residence,77691,551096
2019,8.0,Urlaub auf dem Bauernhof,78249,602929
2019,9.0,1-2 Sterne,69280,255175
2019,9.0,3 Sterne,307804,1195487
2019,9.0,4-5 Sterne,224644,973408
2019,9.0,Andere Betriebe,26146,50890
2019,9.0,Campingplätze,58857,238590
2019,9.0,Privatquartiere,40360,212638
2019,9.0,Privatquartiere mit Vertrag,1053,3275
2019,9.0,Residence,46542,268233
2019,9.0,Urlaub auf dem Bauernhof,48432,313221
2019,10.0,1-2 Sterne,41222,143525
2019,10.0,3 Sterne,217246,796741
2019,10.0,4-5 Sterne,202915,826570
2019,10.0,Andere Betriebe,9172,23359
2019,10.0,Campingplätze,38771,162569
2019,10.0,Privatquartiere,27443,126453
2019,10.0,Privatquartiere mit Vertrag,356,1214
2019,10.0,Residence,34265,181061
2019,10.0,Urlaub auf dem Bauernhof,41221,235217
2019,11.0,1-2 Sterne,13517,38341
2019,11.0,3 Sterne,66832,149036
2019,11.0,4-5 Sterne,89803,258540
2019,11.0,Andere Betriebe,5167,10859
2019,11.0,Campingplätze,3453,10263
2019,11.0,Privatquartiere,10827,34041
2019,11.0,Privatquartiere mit Vertrag,232,469
2019,11.0,Residence,11103,43605
2019,11.0,Urlaub auf dem Bauernhof,9036,34862
2019,12.0,1-2 Sterne,54246,183219
2019,12.0,3 Sterne,219110,715941
2019,12.0,4-5 Sterne,181979,662889
2019,12.0,Andere Betriebe,10382,32843
2019,12.0,Campingplätze,11866,49840
2019,12.0,Privatquartiere,53370,216205
2019,12.0,Privatquartiere mit Vertrag,843,3322
2019,12.0,Residence,56045,240603
2019,12.0,Urlaub auf dem Bauernhof,43213,177849
2020,1.0,1-2 Sterne,57158,256383
2020,1.0,3 Sterne,212085,930399
2020,1.0,4-5 Sterne,181992,812282
2020,1.0,Andere Betriebe,8373,30514
2020,1.0,Campingplätze,7583,41789
2020,1.0,Privatquartiere,47061,280013
2020,1.0,Privatquartiere mit Vertrag,556,2980
2020,1.0,Residence,52778,319613
2020,1.0,Urlaub auf dem Bauernhof,32086,191815
2020,2.0,1-2 Sterne,67857,308610
2020,2.0,3 Sterne,239679,1089238
2020,2.0,4-5 Sterne,198226,911657
2020,2.0,Andere Betriebe,11873,40739
2020,2.0,Campingplätze,9725,47166
2020,2.0,Privatquartiere,66687,361878
2020,2.0,Privatquartiere mit Vertrag,894,3988
2020,2.0,Residence,68350,378214
2020,2.0,Urlaub auf dem Bauernhof,49958,268898
2020,3.0,1-2 Sterne,8539,51616
2020,3.0,3 Sterne,32992,174252
2020,3.0,4-5 Sterne,32889,158956
2020,3.0,Andere Betriebe,1519,5362
2020,3.0,Campingplätze,1145,5572
2020,3.0,Privatquartiere,7106,56792
2020,3.0,Privatquartiere mit Vertrag,114,554
2020,3.0,Residence,8279,64275
2020,3.0,Urlaub auf dem Bauernhof,5630,36130
2020,4.0,1-2 Sterne,509,7108
2020,4.0,3 Sterne,814,3040
2020,4.0,4-5 Sterne,43,364
2020,4.0,Andere Betriebe,1,127
2020,4.0,Campingplätze,7,29
2020,4.0,Privatquartiere,210,5526
2020,4.0,Privatquartiere mit Vertrag,0,0
2020,4.0,Residence,166,6533
2020,4.0,Urlaub auf dem Bauernhof,144,2581
2020,5.0,1-2 Sterne,2087,11975
2020,5.0,3 Sterne,4165,13512
2020,5.0,4-5 Sterne,1464,3018
2020,5.0,Andere Betriebe,147,451
2020,5.0,Campingplätze,1166,2011
2020,5.0,Privatquartiere,639,7341
2020,5.0,Privatquartiere mit Vertrag,4,32
2020,5.0,Residence,645,9175
2020,5.0,Urlaub auf dem Bauernhof,1073,5457
2020,6.0,1-2 Sterne,16392,56090
2020,6.0,3 Sterne,66614,209783
2020,6.0,4-5 Sterne,58262,201496
2020,6.0,Andere Betriebe,4596,8001
2020,6.0,Campingplätze,16858,56442
2020,6.0,Privatquartiere,13622,62775
2020,6.0,Privatquartiere mit Vertrag,343,1096
2020,6.0,Residence,14449,68726
2020,6.0,Urlaub auf dem Bauernhof,24427,121423
2020,7.0,1-2 Sterne,62237,249459
2020,7.0,3 Sterne,251586,1025115
2020,7.0,4-5 Sterne,193101,899456
2020,7.0,Andere Betriebe,31567,55744
2020,7.0,Campingplätze,57184,227194
2020,7.0,Privatquartiere,54885,358010
2020,7.0,Privatquartiere mit Vertrag,1172,5448
2020,7.0,Residence,56836,387286
2020,7.0,Urlaub auf dem Bauernhof,61609,467695
2020,8.0,1-2 Sterne,96671,436680
2020,8.0,3 Sterne,377572,1668961
2020,8.0,4-5 Sterne,273068,1338259
2020,8.0,Andere Betriebe,42225,85997
2020,8.0,Campingplätze,85137,365862
2020,8.0,Privatquartiere,81663,536512
2020,8.0,Privatquartiere mit Vertrag,1952,10097
2020,8.0,Residence,81130,564653
2020,8.0,Urlaub auf dem Bauernhof,83686,607711
2020,9.0,1-2 Sterne,48294,181169
2020,9.0,3 Sterne,238943,946757
2020,9.0,4-5 Sterne,199878,905900
2020,9.0,Andere Betriebe,21819,38570
2020,9.0,Campingplätze,57948,217904
2020,9.0,Privatquartiere,35385,194796
2020,9.0,Privatquartiere mit Vertrag,1067,3397
2020,9.0,Residence,40858,251208
2020,9.0,Urlaub auf dem Bauernhof,41327,285426
2020,10.0,1-2 Sterne,17531,67696
2020,10.0,3 Sterne,106355,404883
2020,10.0,4-5 Sterne,145508,603698
2020,10.0,Andere Betriebe,4269,11831
2020,10.0,Campingplätze,21070,81188
2020,10.0,Privatquartiere,15559,78234
2020,10.0,Privatquartiere mit Vertrag,229,972
2020,10.0,Residence,21378,119076
2020,10.0,Urlaub auf dem Bauernhof,22928,141162
2020,11.0,1-2 Sterne,2595,15331
2020,11.0,3 Sterne,7507,23550
2020,11.0,4-5 Sterne,6430,23315
2020,11.0,Andere Betriebe,132,1546
2020,11.0,Campingplätze,131,612
2020,11.0,Privatquartiere,1108,12532
2020,11.0,Privatquartiere mit Vertrag,0,5
2020,11.0,Residence,1600,16574
2020,11.0,Urlaub auf dem Bauernhof,955,8938
2020,12.0,1-2 Sterne,2205,12398
2020,12.0,3 Sterne,8905,24162
2020,12.0,4-5 Sterne,15270,33667
2020,12.0,Andere Betriebe,429,2417
2020,12.0,Campingplätze,384,948
2020,12.0,Privatquartiere,1636,12385
2020,12.0,Privatquartiere mit Vertrag,2,10
2020,12.0,Residence,2047,14649
2020,12.0,Urlaub auf dem Bauernhof,1605,9493
