Year,Month,District,Arrivals,Present
2010,1.0,Alta Valle Isarco,30737,128567
2010,1.0,Bolzano,14573,33404
2010,1.0,Burggrafenamt,26365,137782
2010,1.0,Oltradige-Bassa Ates.,9238,47312
2010,1.0,Salto-Schiliar,116799,647742
2010,1.0,Val Pusteria,235840,1231196
2010,1.0,Val Venosta,28979,151294
2010,1.0,Valle Isarco,47920,218763
2010,2.0,Alta Valle Isarco,30099,136259
2010,2.0,Bolzano,11687,25196
2010,2.0,Burggrafenamt,25753,119468
2010,2.0,Oltradige-Bassa Ates.,9425,44289
2010,2.0,Salto-Schiliar,117518,677265
2010,2.0,Val Pusteria,223133,1236986
2010,2.0,Val Venosta,32407,181397
2010,2.0,Valle Isarco,51863,242979
2010,3.0,Alta Valle Isarco,25686,106981
2010,3.0,Bolzano,15913,34235
2010,3.0,Burggrafenamt,39588,169326
2010,3.0,Oltradige-Bassa Ates.,13578,57211
2010,3.0,Salto-Schiliar,90682,567407
2010,3.0,Val Pusteria,154821,896279
2010,3.0,Val Venosta,31437,169882
2010,3.0,Valle Isarco,37132,172335
2010,4.0,Alta Valle Isarco,15577,52698
2010,4.0,Bolzano,19443,44710
2010,4.0,Burggrafenamt,104777,527513
2010,4.0,Oltradige-Bassa Ates.,34630,137442
2010,4.0,Salto-Schiliar,22421,129642
2010,4.0,Val Pusteria,45916,250101
2010,4.0,Val Venosta,28128,134741
2010,4.0,Valle Isarco,23368,88631
2010,5.0,Alta Valle Isarco,16979,51632
2010,5.0,Bolzano,22889,50852
2010,5.0,Burggrafenamt,136595,680325
2010,5.0,Oltradige-Bassa Ates.,51120,202538
2010,5.0,Salto-Schiliar,28620,112798
2010,5.0,Val Pusteria,43497,148778
2010,5.0,Val Venosta,24496,92397
2010,5.0,Valle Isarco,36888,134963
2010,6.0,Alta Valle Isarco,17454,65466
2010,6.0,Bolzano,21322,46907
2010,6.0,Burggrafenamt,116641,701293
2010,6.0,Oltradige-Bassa Ates.,46741,212336
2010,6.0,Salto-Schiliar,57077,288792
2010,6.0,Val Pusteria,89208,390528
2010,6.0,Val Venosta,34210,141740
2010,6.0,Valle Isarco,42755,191209
2010,7.0,Alta Valle Isarco,32722,143949
2010,7.0,Bolzano,26762,57079
2010,7.0,Burggrafenamt,145632,884711
2010,7.0,Oltradige-Bassa Ates.,59898,291547
2010,7.0,Salto-Schiliar,107994,659703
2010,7.0,Val Pusteria,227802,1275724
2010,7.0,Val Venosta,64891,302617
2010,7.0,Valle Isarco,67512,340348
2010,8.0,Alta Valle Isarco,38202,209013
2010,8.0,Bolzano,27923,64464
2010,8.0,Burggrafenamt,185830,1117656
2010,8.0,Oltradige-Bassa Ates.,72392,384305
2010,8.0,Salto-Schiliar,128279,891885
2010,8.0,Val Pusteria,247645,1706474
2010,8.0,Val Venosta,76339,413734
2010,8.0,Valle Isarco,79831,448063
2010,9.0,Alta Valle Isarco,25729,97273
2010,9.0,Bolzano,28926,64953
2010,9.0,Burggrafenamt,151279,931573
2010,9.0,Oltradige-Bassa Ates.,60212,296795
2010,9.0,Salto-Schiliar,71740,417379
2010,9.0,Val Pusteria,114370,597849
2010,9.0,Val Venosta,45791,215580
2010,9.0,Valle Isarco,55910,257001
2010,10.0,Alta Valle Isarco,22036,71011
2010,10.0,Bolzano,24634,57664
2010,10.0,Burggrafenamt,147871,763140
2010,10.0,Oltradige-Bassa Ates.,53140,209554
2010,10.0,Salto-Schiliar,45270,205778
2010,10.0,Val Pusteria,61238,235930
2010,10.0,Val Venosta,33700,133966
2010,10.0,Valle Isarco,50951,191335
2010,11.0,Alta Valle Isarco,9657,27006
2010,11.0,Bolzano,18301,38482
2010,11.0,Burggrafenamt,39998,157946
2010,11.0,Oltradige-Bassa Ates.,13960,46884
2010,11.0,Salto-Schiliar,10408,40345
2010,11.0,Val Pusteria,15812,55428
2010,11.0,Val Venosta,10990,41631
2010,11.0,Valle Isarco,14824,46581
2010,12.0,Alta Valle Isarco,32694,109757
2010,12.0,Bolzano,26354,56903
2010,12.0,Burggrafenamt,61807,192234
2010,12.0,Oltradige-Bassa Ates.,19704,55508
2010,12.0,Salto-Schiliar,91742,412234
2010,12.0,Val Pusteria,178020,785944
2010,12.0,Val Venosta,23448,102739
2010,12.0,Valle Isarco,47087,161229
2011,1.0,Alta Valle Isarco,31760,135924
2011,1.0,Bolzano,14710,34647
2011,1.0,Burggrafenamt,32684,152331
2011,1.0,Oltradige-Bassa Ates.,10251,43757
2011,1.0,Salto-Schiliar,122858,686060
2011,1.0,Val Pusteria,242637,1279784
2011,1.0,Val Venosta,30816,167682
2011,1.0,Valle Isarco,50816,234013
2011,2.0,Alta Valle Isarco,26945,113422
2011,2.0,Bolzano,12229,25078
2011,2.0,Burggrafenamt,22802,98416
2011,2.0,Oltradige-Bassa Ates.,9801,41828
2011,2.0,Salto-Schiliar,109845,630258
2011,2.0,Val Pusteria,199544,1091858
2011,2.0,Val Venosta,28736,155345
2011,2.0,Valle Isarco,45788,208492
2011,3.0,Alta Valle Isarco,26942,113370
2011,3.0,Bolzano,15666,32377
2011,3.0,Burggrafenamt,34677,150041
2011,3.0,Oltradige-Bassa Ates.,12654,51435
2011,3.0,Salto-Schiliar,97590,604354
2011,3.0,Val Pusteria,171974,999361
2011,3.0,Val Venosta,32588,172235
2011,3.0,Valle Isarco,39354,184346
2011,4.0,Alta Valle Isarco,15327,45401
2011,4.0,Bolzano,20782,47520
2011,4.0,Burggrafenamt,120928,586508
2011,4.0,Oltradige-Bassa Ates.,40808,158046
2011,4.0,Salto-Schiliar,16159,73836
2011,4.0,Val Pusteria,37440,169994
2011,4.0,Val Venosta,34952,154204
2011,4.0,Valle Isarco,24351,88633
2011,5.0,Alta Valle Isarco,14139,40378
2011,5.0,Bolzano,20754,47495
2011,5.0,Burggrafenamt,107478,601179
2011,5.0,Oltradige-Bassa Ates.,39934,159184
2011,5.0,Salto-Schiliar,20428,81677
2011,5.0,Val Pusteria,30966,110296
2011,5.0,Val Venosta,19698,73025
2011,5.0,Valle Isarco,28890,110683
2011,6.0,Alta Valle Isarco,22620,78821
2011,6.0,Bolzano,25574,55806
2011,6.0,Burggrafenamt,145260,809537
2011,6.0,Oltradige-Bassa Ates.,58241,254166
2011,6.0,Salto-Schiliar,69016,337429
2011,6.0,Val Pusteria,108480,459925
2011,6.0,Val Venosta,44580,175450
2011,6.0,Valle Isarco,51384,218118
2011,7.0,Alta Valle Isarco,34742,151402
2011,7.0,Bolzano,28728,60087
2011,7.0,Burggrafenamt,161915,927873
2011,7.0,Oltradige-Bassa Ates.,65027,309457
2011,7.0,Salto-Schiliar,117069,694425
2011,7.0,Val Pusteria,232449,1294477
2011,7.0,Val Venosta,69446,315531
2011,7.0,Valle Isarco,71816,347655
2011,8.0,Alta Valle Isarco,40104,209548
2011,8.0,Bolzano,29250,67759
2011,8.0,Burggrafenamt,181725,1140831
2011,8.0,Oltradige-Bassa Ates.,69932,390160
2011,8.0,Salto-Schiliar,129911,902128
2011,8.0,Val Pusteria,251278,1698882
2011,8.0,Val Venosta,79218,417805
2011,8.0,Valle Isarco,77358,451653
2011,9.0,Alta Valle Isarco,28729,102895
2011,9.0,Bolzano,30374,68467
2011,9.0,Burggrafenamt,159232,950619
2011,9.0,Oltradige-Bassa Ates.,65871,306104
2011,9.0,Salto-Schiliar,81237,440435
2011,9.0,Val Pusteria,126568,629679
2011,9.0,Val Venosta,55482,237104
2011,9.0,Valle Isarco,60439,265550
2011,10.0,Alta Valle Isarco,24504,78669
2011,10.0,Bolzano,25613,58778
2011,10.0,Burggrafenamt,153590,794657
2011,10.0,Oltradige-Bassa Ates.,52199,217456
2011,10.0,Salto-Schiliar,48269,216193
2011,10.0,Val Pusteria,63332,243751
2011,10.0,Val Venosta,36821,146360
2011,10.0,Valle Isarco,53572,205437
2011,11.0,Alta Valle Isarco,9167,25311
2011,11.0,Bolzano,17282,36581
2011,11.0,Burggrafenamt,34870,144926
2011,11.0,Oltradige-Bassa Ates.,13691,47724
2011,11.0,Salto-Schiliar,10494,39104
2011,11.0,Val Pusteria,14208,46126
2011,11.0,Val Venosta,10337,38593
2011,11.0,Valle Isarco,15104,46593
2011,12.0,Alta Valle Isarco,33220,107251
2011,12.0,Bolzano,25451,53589
2011,12.0,Burggrafenamt,62529,188873
2011,12.0,Oltradige-Bassa Ates.,21979,62604
2011,12.0,Salto-Schiliar,89268,371474
2011,12.0,Val Pusteria,176379,725920
2011,12.0,Val Venosta,25209,103368
2011,12.0,Valle Isarco,47714,158220
2012,1.0,Alta Valle Isarco,30999,128614
2012,1.0,Bolzano,15956,35339
2012,1.0,Burggrafenamt,28292,139518
2012,1.0,Oltradige-Bassa Ates.,11906,50144
2012,1.0,Salto-Schiliar,117400,689947
2012,1.0,Val Pusteria,233386,1262432
2012,1.0,Val Venosta,29175,161798
2012,1.0,Valle Isarco,49237,227539
2012,2.0,Alta Valle Isarco,32427,139577
2012,2.0,Bolzano,11915,24610
2012,2.0,Burggrafenamt,23585,108431
2012,2.0,Oltradige-Bassa Ates.,8796,42744
2012,2.0,Salto-Schiliar,120026,704964
2012,2.0,Val Pusteria,223663,1228904
2012,2.0,Val Venosta,35496,191160
2012,2.0,Valle Isarco,52293,243916
2012,3.0,Alta Valle Isarco,26152,92985
2012,3.0,Bolzano,16208,32808
2012,3.0,Burggrafenamt,41430,157239
2012,3.0,Oltradige-Bassa Ates.,15896,58968
2012,3.0,Salto-Schiliar,84112,474035
2012,3.0,Val Pusteria,151746,784274
2012,3.0,Val Venosta,36552,170989
2012,3.0,Valle Isarco,36707,150696
2012,4.0,Alta Valle Isarco,15621,56274
2012,4.0,Bolzano,20574,49584
2012,4.0,Burggrafenamt,124511,614276
2012,4.0,Oltradige-Bassa Ates.,42269,169066
2012,4.0,Salto-Schiliar,24276,134983
2012,4.0,Val Pusteria,43551,244851
2012,4.0,Val Venosta,31624,156094
2012,4.0,Valle Isarco,28252,109999
2012,5.0,Alta Valle Isarco,17550,50721
2012,5.0,Bolzano,24354,54541
2012,5.0,Burggrafenamt,128050,684217
2012,5.0,Oltradige-Bassa Ates.,53370,206461
2012,5.0,Salto-Schiliar,33170,124108
2012,5.0,Val Pusteria,41380,148379
2012,5.0,Val Venosta,26877,96767
2012,5.0,Valle Isarco,39647,143166
2012,6.0,Alta Valle Isarco,22454,72444
2012,6.0,Bolzano,23725,53110
2012,6.0,Burggrafenamt,133623,738992
2012,6.0,Oltradige-Bassa Ates.,53447,233439
2012,6.0,Salto-Schiliar,75244,339845
2012,6.0,Val Pusteria,122093,473040
2012,6.0,Val Venosta,43172,163247
2012,6.0,Valle Isarco,51590,213589
2012,7.0,Alta Valle Isarco,34850,142664
2012,7.0,Bolzano,28484,57414
2012,7.0,Burggrafenamt,160320,949220
2012,7.0,Oltradige-Bassa Ates.,63581,318699
2012,7.0,Salto-Schiliar,113271,690173
2012,7.0,Val Pusteria,217172,1251494
2012,7.0,Val Venosta,69984,320710
2012,7.0,Valle Isarco,72559,365961
2012,8.0,Alta Valle Isarco,41566,214380
2012,8.0,Bolzano,28962,64431
2012,8.0,Burggrafenamt,184549,1125907
2012,8.0,Oltradige-Bassa Ates.,73207,390873
2012,8.0,Salto-Schiliar,143916,935203
2012,8.0,Val Pusteria,270683,1752195
2012,8.0,Val Venosta,82629,417614
2012,8.0,Valle Isarco,83354,461024
2012,9.0,Alta Valle Isarco,30736,104065
2012,9.0,Bolzano,29293,60566
2012,9.0,Burggrafenamt,171788,949528
2012,9.0,Oltradige-Bassa Ates.,66302,301614
2012,9.0,Salto-Schiliar,90667,463080
2012,9.0,Val Pusteria,143565,669367
2012,9.0,Val Venosta,53773,232779
2012,9.0,Valle Isarco,65298,280084
2012,10.0,Alta Valle Isarco,21498,75759
2012,10.0,Bolzano,22550,51821
2012,10.0,Burggrafenamt,140085,781655
2012,10.0,Oltradige-Bassa Ates.,50751,216498
2012,10.0,Salto-Schiliar,48956,229756
2012,10.0,Val Pusteria,56132,237054
2012,10.0,Val Venosta,32515,141188
2012,10.0,Valle Isarco,48951,199403
2012,11.0,Alta Valle Isarco,11223,28064
2012,11.0,Bolzano,17477,32697
2012,11.0,Burggrafenamt,42495,152774
2012,11.0,Oltradige-Bassa Ates.,14312,47180
2012,11.0,Salto-Schiliar,13283,42574
2012,11.0,Val Pusteria,20577,60878
2012,11.0,Val Venosta,12652,43716
2012,11.0,Valle Isarco,15792,45823
2012,12.0,Alta Valle Isarco,35644,120581
2012,12.0,Bolzano,25569,50523
2012,12.0,Burggrafenamt,62609,192684
2012,12.0,Oltradige-Bassa Ates.,19804,60113
2012,12.0,Salto-Schiliar,95403,396719
2012,12.0,Val Pusteria,185492,771548
2012,12.0,Val Venosta,27178,111562
2012,12.0,Valle Isarco,49882,167145
2013,1.0,Alta Valle Isarco,28489,125337
2013,1.0,Bolzano,14672,28791
2013,1.0,Burggrafenamt,25254,124049
2013,1.0,Oltradige-Bassa Ates.,8819,42068
2013,1.0,Salto-Schiliar,103914,638751
2013,1.0,Val Pusteria,206587,1161367
2013,1.0,Val Venosta,24714,145922
2013,1.0,Valle Isarco,43736,210737
2013,2.0,Alta Valle Isarco,33624,142050
2013,2.0,Bolzano,11379,20259
2013,2.0,Burggrafenamt,24709,111113
2013,2.0,Oltradige-Bassa Ates.,10138,45146
2013,2.0,Salto-Schiliar,126310,712381
2013,2.0,Val Pusteria,229680,1222990
2013,2.0,Val Venosta,35321,190659
2013,2.0,Valle Isarco,54301,248567
2013,3.0,Alta Valle Isarco,30565,113397
2013,3.0,Bolzano,18348,34238
2013,3.0,Burggrafenamt,62587,258203
2013,3.0,Oltradige-Bassa Ates.,19520,72675
2013,3.0,Salto-Schiliar,106823,572094
2013,3.0,Val Pusteria,182257,914632
2013,3.0,Val Venosta,41362,200603
2013,3.0,Valle Isarco,45329,187683
2013,4.0,Alta Valle Isarco,13159,38066
2013,4.0,Bolzano,18197,38596
2013,4.0,Burggrafenamt,92843,462489
2013,4.0,Oltradige-Bassa Ates.,30343,113618
2013,4.0,Salto-Schiliar,11730,64665
2013,4.0,Val Pusteria,22172,130368
2013,4.0,Val Venosta,21254,101004
2013,4.0,Valle Isarco,19790,72506
2013,5.0,Alta Valle Isarco,21414,64309
2013,5.0,Bolzano,25578,55015
2013,5.0,Burggrafenamt,144871,758981
2013,5.0,Oltradige-Bassa Ates.,56021,226678
2013,5.0,Salto-Schiliar,31876,128663
2013,5.0,Val Pusteria,41011,152869
2013,5.0,Val Venosta,30448,112054
2013,5.0,Valle Isarco,41086,157387
2013,6.0,Alta Valle Isarco,21319,67519
2013,6.0,Bolzano,24596,47794
2013,6.0,Burggrafenamt,125624,681315
2013,6.0,Oltradige-Bassa Ates.,50225,210710
2013,6.0,Salto-Schiliar,71647,314018
2013,6.0,Val Pusteria,112017,435289
2013,6.0,Val Venosta,36401,134011
2013,6.0,Valle Isarco,49416,198285
2013,7.0,Alta Valle Isarco,38116,148843
2013,7.0,Bolzano,29287,61120
2013,7.0,Burggrafenamt,155791,931628
2013,7.0,Oltradige-Bassa Ates.,62028,309867
2013,7.0,Salto-Schiliar,107459,658065
2013,7.0,Val Pusteria,219067,1238680
2013,7.0,Val Venosta,68975,310266
2013,7.0,Valle Isarco,70392,352483
2013,8.0,Alta Valle Isarco,45077,215708
2013,8.0,Bolzano,29943,65591
2013,8.0,Burggrafenamt,197069,1150322
2013,8.0,Oltradige-Bassa Ates.,76760,391310
2013,8.0,Salto-Schiliar,147997,932493
2013,8.0,Val Pusteria,284591,1770899
2013,8.0,Val Venosta,87485,423399
2013,8.0,Valle Isarco,87341,470816
2013,9.0,Alta Valle Isarco,29865,100373
2013,9.0,Bolzano,30476,64528
2013,9.0,Burggrafenamt,167523,952510
2013,9.0,Oltradige-Bassa Ates.,65308,300343
2013,9.0,Salto-Schiliar,86367,457466
2013,9.0,Val Pusteria,134774,649775
2013,9.0,Val Venosta,55038,227705
2013,9.0,Valle Isarco,63486,277636
2013,10.0,Alta Valle Isarco,22572,75069
2013,10.0,Bolzano,24635,54509
2013,10.0,Burggrafenamt,144132,770396
2013,10.0,Oltradige-Bassa Ates.,49405,206920
2013,10.0,Salto-Schiliar,50336,223165
2013,10.0,Val Pusteria,59731,237414
2013,10.0,Val Venosta,34856,144255
2013,10.0,Valle Isarco,53653,205372
2013,11.0,Alta Valle Isarco,11499,29797
2013,11.0,Bolzano,17612,35890
2013,11.0,Burggrafenamt,41498,138700
2013,11.0,Oltradige-Bassa Ates.,13464,42348
2013,11.0,Salto-Schiliar,12605,40460
2013,11.0,Val Pusteria,21475,62209
2013,11.0,Val Venosta,11615,41950
2013,11.0,Valle Isarco,17584,45433
2013,12.0,Alta Valle Isarco,34884,113413
2013,12.0,Bolzano,28376,57609
2013,12.0,Burggrafenamt,65835,197288
2013,12.0,Oltradige-Bassa Ates.,19895,55462
2013,12.0,Salto-Schiliar,95691,413775
2013,12.0,Val Pusteria,189543,794938
2013,12.0,Val Venosta,26585,113055
2013,12.0,Valle Isarco,52437,174442
2014,1.0,Alta Valle Isarco,32093,130183
2014,1.0,Bolzano,16173,30577
2014,1.0,Burggrafenamt,27906,122295
2014,1.0,Oltradige-Bassa Ates.,10080,37354
2014,1.0,Salto-Schiliar,107418,646614
2014,1.0,Val Pusteria,211941,1144068
2014,1.0,Val Venosta,25770,143461
2014,1.0,Valle Isarco,46386,214677
2014,2.0,Alta Valle Isarco,32137,126058
2014,2.0,Bolzano,11726,20562
2014,2.0,Burggrafenamt,21865,84276
2014,2.0,Oltradige-Bassa Ates.,7681,31002
2014,2.0,Salto-Schiliar,121075,671686
2014,2.0,Val Pusteria,214223,1110397
2014,2.0,Val Venosta,32387,165313
2014,2.0,Valle Isarco,50694,224610
2014,3.0,Alta Valle Isarco,32614,122222
2014,3.0,Bolzano,15341,27195
2014,3.0,Burggrafenamt,37270,141641
2014,3.0,Oltradige-Bassa Ates.,13788,46687
2014,3.0,Salto-Schiliar,114871,610339
2014,3.0,Val Pusteria,200336,990595
2014,3.0,Val Venosta,37925,185484
2014,3.0,Valle Isarco,46525,193294
2014,4.0,Alta Valle Isarco,19390,58007
2014,4.0,Bolzano,20653,43087
2014,4.0,Burggrafenamt,118798,553312
2014,4.0,Oltradige-Bassa Ates.,39045,147997
2014,4.0,Salto-Schiliar,18120,73401
2014,4.0,Val Pusteria,42545,181699
2014,4.0,Val Venosta,35236,160225
2014,4.0,Valle Isarco,27957,96459
2014,5.0,Alta Valle Isarco,18229,45207
2014,5.0,Bolzano,24772,52148
2014,5.0,Burggrafenamt,121990,597088
2014,5.0,Oltradige-Bassa Ates.,46987,178690
2014,5.0,Salto-Schiliar,29015,100579
2014,5.0,Val Pusteria,43907,125860
2014,5.0,Val Venosta,26120,85395
2014,5.0,Valle Isarco,35531,122073
2014,6.0,Alta Valle Isarco,24794,76712
2014,6.0,Bolzano,24934,50675
2014,6.0,Burggrafenamt,142539,755040
2014,6.0,Oltradige-Bassa Ates.,56442,243500
2014,6.0,Salto-Schiliar,81663,358502
2014,6.0,Val Pusteria,115654,468280
2014,6.0,Val Venosta,44405,161581
2014,6.0,Valle Isarco,57832,228161
2014,7.0,Alta Valle Isarco,37163,137908
2014,7.0,Bolzano,31302,60351
2014,7.0,Burggrafenamt,147193,850680
2014,7.0,Oltradige-Bassa Ates.,58580,285793
2014,7.0,Salto-Schiliar,106507,634878
2014,7.0,Val Pusteria,215398,1197891
2014,7.0,Val Venosta,61976,277165
2014,7.0,Valle Isarco,68466,335290
2014,8.0,Alta Valle Isarco,47358,202566
2014,8.0,Bolzano,33865,70890
2014,8.0,Burggrafenamt,206699,1143658
2014,8.0,Oltradige-Bassa Ates.,78759,391960
2014,8.0,Salto-Schiliar,145948,897887
2014,8.0,Val Pusteria,271216,1655076
2014,8.0,Val Venosta,83971,401689
2014,8.0,Valle Isarco,89507,456149
2014,9.0,Alta Valle Isarco,30909,98855
2014,9.0,Bolzano,30881,62210
2014,9.0,Burggrafenamt,160858,930342
2014,9.0,Oltradige-Bassa Ates.,64496,299492
2014,9.0,Salto-Schiliar,83804,461552
2014,9.0,Val Pusteria,129389,637854
2014,9.0,Val Venosta,51558,223118
2014,9.0,Valle Isarco,62209,282314
2014,10.0,Alta Valle Isarco,25930,79443
2014,10.0,Bolzano,26254,53841
2014,10.0,Burggrafenamt,151469,757649
2014,10.0,Oltradige-Bassa Ates.,51646,204003
2014,10.0,Salto-Schiliar,57311,239348
2014,10.0,Val Pusteria,70962,263212
2014,10.0,Val Venosta,35779,141284
2014,10.0,Valle Isarco,56964,206550
2014,11.0,Alta Valle Isarco,11970,28061
2014,11.0,Bolzano,20230,37284
2014,11.0,Burggrafenamt,41691,118489
2014,11.0,Oltradige-Bassa Ates.,13887,37484
2014,11.0,Salto-Schiliar,12381,34977
2014,11.0,Val Pusteria,19604,53136
2014,11.0,Val Venosta,11427,37158
2014,11.0,Valle Isarco,15922,36302
2014,12.0,Alta Valle Isarco,36574,116279
2014,12.0,Bolzano,28967,54777
2014,12.0,Burggrafenamt,75634,215566
2014,12.0,Oltradige-Bassa Ates.,24015,61665
2014,12.0,Salto-Schiliar,99458,418517
2014,12.0,Val Pusteria,186385,758487
2014,12.0,Val Venosta,31786,129019
2014,12.0,Valle Isarco,53048,175522
2015,1.0,Alta Valle Isarco,32332,124613
2015,1.0,Bolzano,16268,31630
2015,1.0,Burggrafenamt,30501,130720
2015,1.0,Oltradige-Bassa Ates.,11031,43201
2015,1.0,Salto-Schiliar,117686,646810
2015,1.0,Val Pusteria,230312,1160334
2015,1.0,Val Venosta,30849,155484
2015,1.0,Valle Isarco,48733,214264
2015,2.0,Alta Valle Isarco,34965,141256
2015,2.0,Bolzano,12434,22128
2015,2.0,Burggrafenamt,27827,111849
2015,2.0,Oltradige-Bassa Ates.,9005,36088
2015,2.0,Salto-Schiliar,127893,717251
2015,2.0,Val Pusteria,241553,1258238
2015,2.0,Val Venosta,37893,200816
2015,2.0,Valle Isarco,55136,250169
2015,3.0,Alta Valle Isarco,28740,104821
2015,3.0,Bolzano,17826,31935
2015,3.0,Burggrafenamt,45293,165692
2015,3.0,Oltradige-Bassa Ates.,15301,52437
2015,3.0,Salto-Schiliar,94607,524657
2015,3.0,Val Pusteria,163114,835414
2015,3.0,Val Venosta,37157,177891
2015,3.0,Valle Isarco,37485,152279
2015,4.0,Alta Valle Isarco,18331,58227
2015,4.0,Bolzano,21064,44897
2015,4.0,Burggrafenamt,118484,548691
2015,4.0,Oltradige-Bassa Ates.,38450,146428
2015,4.0,Salto-Schiliar,25931,133778
2015,4.0,Val Pusteria,48500,238103
2015,4.0,Val Venosta,29680,138169
2015,4.0,Valle Isarco,24916,89994
2015,5.0,Alta Valle Isarco,22759,58467
2015,5.0,Bolzano,26274,57394
2015,5.0,Burggrafenamt,152248,698831
2015,5.0,Oltradige-Bassa Ates.,56500,211297
2015,5.0,Salto-Schiliar,37205,129964
2015,5.0,Val Pusteria,59196,178214
2015,5.0,Val Venosta,31332,105223
2015,5.0,Valle Isarco,43849,145462
2015,6.0,Alta Valle Isarco,24833,77694
2015,6.0,Bolzano,26196,51239
2015,6.0,Burggrafenamt,134568,739783
2015,6.0,Oltradige-Bassa Ates.,51921,224623
2015,6.0,Salto-Schiliar,75538,341605
2015,6.0,Val Pusteria,114399,467856
2015,6.0,Val Venosta,41761,152359
2015,6.0,Valle Isarco,52622,213758
2015,7.0,Alta Valle Isarco,44239,152543
2015,7.0,Bolzano,31871,62644
2015,7.0,Burggrafenamt,158889,895526
2015,7.0,Oltradige-Bassa Ates.,60777,283104
2015,7.0,Salto-Schiliar,123003,691798
2015,7.0,Val Pusteria,258378,1331626
2015,7.0,Val Venosta,70768,294593
2015,7.0,Valle Isarco,75626,352861
2015,8.0,Alta Valle Isarco,51688,210462
2015,8.0,Bolzano,33966,70896
2015,8.0,Burggrafenamt,211525,1139978
2015,8.0,Oltradige-Bassa Ates.,79085,375361
2015,8.0,Salto-Schiliar,159485,936665
2015,8.0,Val Pusteria,312314,1778025
2015,8.0,Val Venosta,91611,409845
2015,8.0,Valle Isarco,97795,476338
2015,9.0,Alta Valle Isarco,34026,105634
2015,9.0,Bolzano,30715,63556
2015,9.0,Burggrafenamt,168609,949735
2015,9.0,Oltradige-Bassa Ates.,66403,300849
2015,9.0,Salto-Schiliar,89231,474252
2015,9.0,Val Pusteria,142450,684797
2015,9.0,Val Venosta,54037,228640
2015,9.0,Valle Isarco,66801,296516
2015,10.0,Alta Valle Isarco,25762,75119
2015,10.0,Bolzano,26244,55335
2015,10.0,Burggrafenamt,150688,742825
2015,10.0,Oltradige-Bassa Ates.,51252,199755
2015,10.0,Salto-Schiliar,49959,209527
2015,10.0,Val Pusteria,64339,241344
2015,10.0,Val Venosta,34462,136655
2015,10.0,Valle Isarco,58190,205483
2015,11.0,Alta Valle Isarco,15344,38621
2015,11.0,Bolzano,19926,37404
2015,11.0,Burggrafenamt,53566,182710
2015,11.0,Oltradige-Bassa Ates.,16645,52547
2015,11.0,Salto-Schiliar,15986,46977
2015,11.0,Val Pusteria,22697,61760
2015,11.0,Val Venosta,14991,52152
2015,11.0,Valle Isarco,20823,55454
2015,12.0,Alta Valle Isarco,36865,113521
2015,12.0,Bolzano,29601,57493
2015,12.0,Burggrafenamt,81448,232398
2015,12.0,Oltradige-Bassa Ates.,26880,67984
2015,12.0,Salto-Schiliar,101009,412847
2015,12.0,Val Pusteria,198214,784039
2015,12.0,Val Venosta,30137,125062
2015,12.0,Valle Isarco,57131,179956
2016,1.0,Alta Valle Isarco,34286,129356
2016,1.0,Bolzano,17375,34043
2016,1.0,Burggrafenamt,35021,145139
2016,1.0,Oltradige-Bassa Ates.,11612,46101
2016,1.0,Salto-Schiliar,126896,657935
2016,1.0,Val Pusteria,250672,1210602
2016,1.0,Val Venosta,33189,157601
2016,1.0,Valle Isarco,52973,223673
2016,2.0,Alta Valle Isarco,36050,144166
2016,2.0,Bolzano,15611,26947
2016,2.0,Burggrafenamt,28034,111210
2016,2.0,Oltradige-Bassa Ates.,9389,38337
2016,2.0,Salto-Schiliar,134645,753978
2016,2.0,Val Pusteria,248409,1302544
2016,2.0,Val Venosta,39780,208958
2016,2.0,Valle Isarco,58916,261663
2016,3.0,Alta Valle Isarco,34135,130476
2016,3.0,Bolzano,20169,39895
2016,3.0,Burggrafenamt,73830,304753
2016,3.0,Oltradige-Bassa Ates.,23516,89238
2016,3.0,Salto-Schiliar,121177,678644
2016,3.0,Val Pusteria,211833,1090239
2016,3.0,Val Venosta,44988,232891
2016,3.0,Valle Isarco,50377,210936
2016,4.0,Alta Valle Isarco,14102,35985
2016,4.0,Bolzano,21049,42214
2016,4.0,Burggrafenamt,103134,449141
2016,4.0,Oltradige-Bassa Ates.,32892,116977
2016,4.0,Salto-Schiliar,11798,48866
2016,4.0,Val Pusteria,25299,96792
2016,4.0,Val Venosta,24927,98090
2016,4.0,Valle Isarco,22937,67140
2016,5.0,Alta Valle Isarco,25849,70443
2016,5.0,Bolzano,28108,60742
2016,5.0,Burggrafenamt,171579,830795
2016,5.0,Oltradige-Bassa Ates.,62665,246119
2016,5.0,Salto-Schiliar,44675,167372
2016,5.0,Val Pusteria,59110,208212
2016,5.0,Val Venosta,37525,132072
2016,5.0,Valle Isarco,54279,194505
2016,6.0,Alta Valle Isarco,25375,76837
2016,6.0,Bolzano,26555,54526
2016,6.0,Burggrafenamt,132281,712390
2016,6.0,Oltradige-Bassa Ates.,49829,212341
2016,6.0,Salto-Schiliar,77388,340261
2016,6.0,Val Pusteria,124057,488272
2016,6.0,Val Venosta,40572,144823
2016,6.0,Valle Isarco,56148,219452
2016,7.0,Alta Valle Isarco,48353,162789
2016,7.0,Bolzano,35580,70412
2016,7.0,Burggrafenamt,191757,1000143
2016,7.0,Oltradige-Bassa Ates.,73517,319179
2016,7.0,Salto-Schiliar,144704,761109
2016,7.0,Val Pusteria,284983,1395862
2016,7.0,Val Venosta,79777,321536
2016,7.0,Valle Isarco,89012,388644
2016,8.0,Alta Valle Isarco,50433,220131
2016,8.0,Bolzano,35956,79821
2016,8.0,Burggrafenamt,212889,1210012
2016,8.0,Oltradige-Bassa Ates.,82455,402829
2016,8.0,Salto-Schiliar,159698,990757
2016,8.0,Val Pusteria,309315,1842167
2016,8.0,Val Venosta,91773,429776
2016,8.0,Valle Isarco,97041,489510
2016,9.0,Alta Valle Isarco,35873,113532
2016,9.0,Bolzano,33222,66938
2016,9.0,Burggrafenamt,180766,968922
2016,9.0,Oltradige-Bassa Ates.,71217,309010
2016,9.0,Salto-Schiliar,101932,498247
2016,9.0,Val Pusteria,171144,750947
2016,9.0,Val Venosta,61498,237915
2016,9.0,Valle Isarco,73837,303545
2016,10.0,Alta Valle Isarco,28518,92915
2016,10.0,Bolzano,29232,63661
2016,10.0,Burggrafenamt,181595,865129
2016,10.0,Oltradige-Bassa Ates.,62129,243008
2016,10.0,Salto-Schiliar,61572,256220
2016,10.0,Val Pusteria,83830,312987
2016,10.0,Val Venosta,43888,171543
2016,10.0,Valle Isarco,64591,233725
2016,11.0,Alta Valle Isarco,13327,37946
2016,11.0,Bolzano,21384,40795
2016,11.0,Burggrafenamt,50674,178335
2016,11.0,Oltradige-Bassa Ates.,17244,53394
2016,11.0,Salto-Schiliar,14055,47748
2016,11.0,Val Pusteria,21288,61685
2016,11.0,Val Venosta,12928,47668
2016,11.0,Valle Isarco,18628,51011
2016,12.0,Alta Valle Isarco,38674,115652
2016,12.0,Bolzano,30075,58796
2016,12.0,Burggrafenamt,84452,235664
2016,12.0,Oltradige-Bassa Ates.,27884,72144
2016,12.0,Salto-Schiliar,103013,385890
2016,12.0,Val Pusteria,206488,766167
2016,12.0,Val Venosta,28825,110251
2016,12.0,Valle Isarco,56022,172836
2017,1.0,Alta Valle Isarco,33540,131854
2017,1.0,Bolzano,18000,36117
2017,1.0,Burggrafenamt,36414,153258
2017,1.0,Oltradige-Bassa Ates.,13754,49359
2017,1.0,Salto-Schiliar,116553,656483
2017,1.0,Val Pusteria,238938,1229820
2017,1.0,Val Venosta,30196,162414
2017,1.0,Valle Isarco,51871,225188
2017,2.0,Alta Valle Isarco,37790,142308
2017,2.0,Bolzano,14222,25322
2017,2.0,Burggrafenamt,28441,105619
2017,2.0,Oltradige-Bassa Ates.,10261,40552
2017,2.0,Salto-Schiliar,134236,714881
2017,2.0,Val Pusteria,254886,1253079
2017,2.0,Val Venosta,38474,188183
2017,2.0,Valle Isarco,58951,252403
2017,3.0,Alta Valle Isarco,31088,118177
2017,3.0,Bolzano,17967,33907
2017,3.0,Burggrafenamt,38988,150078
2017,3.0,Oltradige-Bassa Ates.,14497,52624
2017,3.0,Salto-Schiliar,99227,598253
2017,3.0,Val Pusteria,177642,958177
2017,3.0,Val Venosta,36298,188413
2017,3.0,Valle Isarco,43427,187722
2017,4.0,Alta Valle Isarco,24779,76972
2017,4.0,Bolzano,25876,56428
2017,4.0,Burggrafenamt,157024,679794
2017,4.0,Oltradige-Bassa Ates.,53871,196419
2017,4.0,Salto-Schiliar,25623,98492
2017,4.0,Val Pusteria,65929,257435
2017,4.0,Val Venosta,45588,194284
2017,4.0,Valle Isarco,40755,136146
2017,5.0,Alta Valle Isarco,19829,53820
2017,5.0,Bolzano,26322,55945
2017,5.0,Burggrafenamt,132393,654535
2017,5.0,Oltradige-Bassa Ates.,48055,188662
2017,5.0,Salto-Schiliar,35005,122186
2017,5.0,Val Pusteria,48205,155440
2017,5.0,Val Venosta,28537,96794
2017,5.0,Valle Isarco,41862,145776
2017,6.0,Alta Valle Isarco,32906,96654
2017,6.0,Bolzano,31016,64221
2017,6.0,Burggrafenamt,176436,892223
2017,6.0,Oltradige-Bassa Ates.,66996,277704
2017,6.0,Salto-Schiliar,103778,440726
2017,6.0,Val Pusteria,176372,653629
2017,6.0,Val Venosta,57165,199654
2017,6.0,Valle Isarco,71988,282280
2017,7.0,Alta Valle Isarco,49233,161236
2017,7.0,Bolzano,35658,72316
2017,7.0,Burggrafenamt,199617,1027628
2017,7.0,Oltradige-Bassa Ates.,78403,343765
2017,7.0,Salto-Schiliar,152120,795707
2017,7.0,Val Pusteria,302602,1477973
2017,7.0,Val Venosta,83441,335922
2017,7.0,Valle Isarco,95119,403441
2017,8.0,Alta Valle Isarco,51154,217037
2017,8.0,Bolzano,36716,80708
2017,8.0,Burggrafenamt,218496,1215872
2017,8.0,Oltradige-Bassa Ates.,83699,411346
2017,8.0,Salto-Schiliar,165381,1011109
2017,8.0,Val Pusteria,319724,1894663
2017,8.0,Val Venosta,90353,431931
2017,8.0,Valle Isarco,101003,507735
2017,9.0,Alta Valle Isarco,39086,116816
2017,9.0,Bolzano,33243,71074
2017,9.0,Burggrafenamt,192146,989806
2017,9.0,Oltradige-Bassa Ates.,74466,322528
2017,9.0,Salto-Schiliar,105167,514373
2017,9.0,Val Pusteria,174465,770033
2017,9.0,Val Venosta,62266,243815
2017,9.0,Valle Isarco,78691,314841
2017,10.0,Alta Valle Isarco,28991,93281
2017,10.0,Bolzano,30050,66981
2017,10.0,Burggrafenamt,183795,891497
2017,10.0,Oltradige-Bassa Ates.,65078,257463
2017,10.0,Salto-Schiliar,62464,261597
2017,10.0,Val Pusteria,83619,320623
2017,10.0,Val Venosta,43570,173662
2017,10.0,Valle Isarco,67147,249186
2017,11.0,Alta Valle Isarco,13222,38739
2017,11.0,Bolzano,21741,40851
2017,11.0,Burggrafenamt,55478,199262
2017,11.0,Oltradige-Bassa Ates.,15869,54123
2017,11.0,Salto-Schiliar,15219,50938
2017,11.0,Val Pusteria,27875,81623
2017,11.0,Val Venosta,14160,54475
2017,11.0,Valle Isarco,20942,59713
2017,12.0,Alta Valle Isarco,39823,125375
2017,12.0,Bolzano,30362,61007
2017,12.0,Burggrafenamt,85698,246765
2017,12.0,Oltradige-Bassa Ates.,26690,69199
2017,12.0,Salto-Schiliar,116284,435551
2017,12.0,Val Pusteria,230502,848385
2017,12.0,Val Venosta,30101,114593
2017,12.0,Valle Isarco,59464,183129
2018,1.0,Alta Valle Isarco,35927,143188
2018,1.0,Bolzano,19326,38450
2018,1.0,Burggrafenamt,35588,151952
2018,1.0,Oltradige-Bassa Ates.,13523,49980
2018,1.0,Salto-Schiliar,122917,685147
2018,1.0,Val Pusteria,251593,1306329
2018,1.0,Val Venosta,30507,166099
2018,1.0,Valle Isarco,54486,239461
2018,2.0,Alta Valle Isarco,40945,164377
2018,2.0,Bolzano,16133,29150
2018,2.0,Burggrafenamt,34382,133368
2018,2.0,Oltradige-Bassa Ates.,11219,43611
2018,2.0,Salto-Schiliar,146091,792655
2018,2.0,Val Pusteria,275560,1403586
2018,2.0,Val Venosta,42704,214217
2018,2.0,Valle Isarco,66918,287834
2018,3.0,Alta Valle Isarco,37948,137531
2018,3.0,Bolzano,20360,39010
2018,3.0,Burggrafenamt,74684,268648
2018,3.0,Oltradige-Bassa Ates.,24244,83277
2018,3.0,Salto-Schiliar,125456,657550
2018,3.0,Val Pusteria,219732,1044209
2018,3.0,Val Venosta,45547,217651
2018,3.0,Valle Isarco,53464,211780
2018,4.0,Alta Valle Isarco,17223,54514
2018,4.0,Bolzano,24533,53978
2018,4.0,Burggrafenamt,119991,548925
2018,4.0,Oltradige-Bassa Ates.,41183,160480
2018,4.0,Salto-Schiliar,20584,104977
2018,4.0,Val Pusteria,42755,216323
2018,4.0,Val Venosta,30242,131000
2018,4.0,Valle Isarco,28025,93727
2018,5.0,Alta Valle Isarco,26727,75234
2018,5.0,Bolzano,31453,65817
2018,5.0,Burggrafenamt,168181,811871
2018,5.0,Oltradige-Bassa Ates.,66068,258268
2018,5.0,Salto-Schiliar,45469,171189
2018,5.0,Val Pusteria,63985,225314
2018,5.0,Val Venosta,38099,132830
2018,5.0,Valle Isarco,56967,200474
2018,6.0,Alta Valle Isarco,32294,92329
2018,6.0,Bolzano,32625,62360
2018,6.0,Burggrafenamt,156638,794078
2018,6.0,Oltradige-Bassa Ates.,60225,249395
2018,6.0,Salto-Schiliar,98544,411827
2018,6.0,Val Pusteria,171323,628293
2018,6.0,Val Venosta,51750,179486
2018,6.0,Valle Isarco,65787,257046
2018,7.0,Alta Valle Isarco,52436,183790
2018,7.0,Bolzano,36776,76157
2018,7.0,Burggrafenamt,199920,1054299
2018,7.0,Oltradige-Bassa Ates.,77749,358559
2018,7.0,Salto-Schiliar,146758,803823
2018,7.0,Val Pusteria,284673,1467691
2018,7.0,Val Venosta,83715,343756
2018,7.0,Valle Isarco,92529,412360
2018,8.0,Alta Valle Isarco,53226,227384
2018,8.0,Bolzano,38050,81063
2018,8.0,Burggrafenamt,217529,1183031
2018,8.0,Oltradige-Bassa Ates.,83490,405903
2018,8.0,Salto-Schiliar,165424,1000960
2018,8.0,Val Pusteria,323278,1879233
2018,8.0,Val Venosta,91951,425916
2018,8.0,Valle Isarco,103182,505009
2018,9.0,Alta Valle Isarco,42160,122410
2018,9.0,Bolzano,34043,70537
2018,9.0,Burggrafenamt,201819,979634
2018,9.0,Oltradige-Bassa Ates.,76754,321147
2018,9.0,Salto-Schiliar,112960,515500
2018,9.0,Val Pusteria,198104,801419
2018,9.0,Val Venosta,66885,250533
2018,9.0,Valle Isarco,82658,317772
2018,10.0,Alta Valle Isarco,28704,95187
2018,10.0,Bolzano,29618,65496
2018,10.0,Burggrafenamt,166279,859213
2018,10.0,Oltradige-Bassa Ates.,59391,244777
2018,10.0,Salto-Schiliar,61910,271797
2018,10.0,Val Pusteria,87117,333536
2018,10.0,Val Venosta,41326,171268
2018,10.0,Valle Isarco,67307,255264
2018,11.0,Alta Valle Isarco,15731,42484
2018,11.0,Bolzano,23740,46373
2018,11.0,Burggrafenamt,61551,194616
2018,11.0,Oltradige-Bassa Ates.,20302,60579
2018,11.0,Salto-Schiliar,17727,53603
2018,11.0,Val Pusteria,35784,95366
2018,11.0,Val Venosta,16319,56283
2018,11.0,Valle Isarco,24118,63579
2018,12.0,Alta Valle Isarco,38956,122570
2018,12.0,Bolzano,31218,65020
2018,12.0,Burggrafenamt,82552,249181
2018,12.0,Oltradige-Bassa Ates.,26579,73053
2018,12.0,Salto-Schiliar,113266,449146
2018,12.0,Val Pusteria,224932,870593
2018,12.0,Val Venosta,31894,126899
2018,12.0,Valle Isarco,57471,186706
2019,1.0,Alta Valle Isarco,35680,136602
2019,1.0,Bolzano,19439,42465
2019,1.0,Burggrafenamt,33810,147290
2019,1.0,Oltradige-Bassa Ates.,14265,50432
2019,1.0,Salto-Schiliar,117974,679504
2019,1.0,Val Pusteria,239602,1262370
2019,1.0,Val Venosta,29713,166563
2019,1.0,Valle Isarco,52218,232736
2019,2.0,Alta Valle Isarco,37364,144842
2019,2.0,Bolzano,16237,30661
2019,2.0,Burggrafenamt,31479,115121
2019,2.0,Oltradige-Bassa Ates.,11162,40558
2019,2.0,Salto-Schiliar,137303,736757
2019,2.0,Val Pusteria,263083,1314240
2019,2.0,Val Venosta,39743,197522
2019,2.0,Valle Isarco,63211,259814
2019,3.0,Alta Valle Isarco,37238,136826
2019,3.0,Bolzano,21027,41476
2019,3.0,Burggrafenamt,53055,190403
2019,3.0,Oltradige-Bassa Ates.,17370,59729
2019,3.0,Salto-Schiliar,120108,632148
2019,3.0,Val Pusteria,214273,1044734
2019,3.0,Val Venosta,47258,213285
2019,3.0,Valle Isarco,51150,205846
2019,4.0,Alta Valle Isarco,23475,71787
2019,4.0,Bolzano,25521,58638
2019,4.0,Burggrafenamt,145348,645008
2019,4.0,Oltradige-Bassa Ates.,49769,186917
2019,4.0,Salto-Schiliar,24447,93446
2019,4.0,Val Pusteria,64975,254533
2019,4.0,Val Venosta,41061,182814
2019,4.0,Valle Isarco,36133,122505
2019,5.0,Alta Valle Isarco,19258,49137
2019,5.0,Bolzano,29048,60860
2019,5.0,Burggrafenamt,139509,664028
2019,5.0,Oltradige-Bassa Ates.,54624,202767
2019,5.0,Salto-Schiliar,34366,117969
2019,5.0,Val Pusteria,55272,162493
2019,5.0,Val Venosta,28830,96857
2019,5.0,Valle Isarco,46954,151244
2019,6.0,Alta Valle Isarco,37032,107643
2019,6.0,Bolzano,32181,69291
2019,6.0,Burggrafenamt,185922,909655
2019,6.0,Oltradige-Bassa Ates.,71639,292488
2019,6.0,Salto-Schiliar,115923,470773
2019,6.0,Val Pusteria,189821,713367
2019,6.0,Val Venosta,58697,206305
2019,6.0,Valle Isarco,75930,292342
2019,7.0,Alta Valle Isarco,52266,180921
2019,7.0,Bolzano,37073,76107
2019,7.0,Burggrafenamt,197912,1039641
2019,7.0,Oltradige-Bassa Ates.,76249,352650
2019,7.0,Salto-Schiliar,152368,823813
2019,7.0,Val Pusteria,299819,1520547
2019,7.0,Val Venosta,84878,353303
2019,7.0,Valle Isarco,96872,424025
2019,8.0,Alta Valle Isarco,57493,230386
2019,8.0,Bolzano,39332,83925
2019,8.0,Burggrafenamt,234027,1196479
2019,8.0,Oltradige-Bassa Ates.,87734,409711
2019,8.0,Salto-Schiliar,173756,1006583
2019,8.0,Val Pusteria,341051,1895403
2019,8.0,Val Venosta,98154,440629
2019,8.0,Valle Isarco,109078,515287
2019,9.0,Alta Valle Isarco,41927,126078
2019,9.0,Bolzano,36281,74359
2019,9.0,Burggrafenamt,199616,1001419
2019,9.0,Oltradige-Bassa Ates.,76732,326867
2019,9.0,Salto-Schiliar,114390,536102
2019,9.0,Val Pusteria,202260,850635
2019,9.0,Val Venosta,68377,262708
2019,9.0,Valle Isarco,83535,332749
2019,10.0,Alta Valle Isarco,31562,99925
2019,10.0,Bolzano,31043,69184
2019,10.0,Burggrafenamt,182438,906204
2019,10.0,Oltradige-Bassa Ates.,63040,257195
2019,10.0,Salto-Schiliar,75630,312472
2019,10.0,Val Pusteria,106830,389068
2019,10.0,Val Venosta,46801,188120
2019,10.0,Valle Isarco,75267,274541
2019,11.0,Alta Valle Isarco,15316,40698
2019,11.0,Bolzano,22509,44721
2019,11.0,Burggrafenamt,60066,184369
2019,11.0,Oltradige-Bassa Ates.,18732,54791
2019,11.0,Salto-Schiliar,17628,52847
2019,11.0,Val Pusteria,38282,97637
2019,11.0,Val Venosta,13799,46671
2019,11.0,Valle Isarco,23638,58282
2019,12.0,Alta Valle Isarco,39767,128232
2019,12.0,Bolzano,34086,68776
2019,12.0,Burggrafenamt,85811,259923
2019,12.0,Oltradige-Bassa Ates.,26334,74498
2019,12.0,Salto-Schiliar,119580,488448
2019,12.0,Val Pusteria,231842,926411
2019,12.0,Val Venosta,32771,137244
2019,12.0,Valle Isarco,60863,199179
2020,1.0,Alta Valle Isarco,37699,140984
2020,1.0,Bolzano,21727,45734
2020,1.0,Burggrafenamt,41810,165867
2020,1.0,Oltradige-Bassa Ates.,15959,56747
2020,1.0,Salto-Schiliar,132350,724821
2020,1.0,Val Pusteria,255821,1298133
2020,1.0,Val Venosta,35010,180465
2020,1.0,Valle Isarco,58396,246604
2020,2.0,Alta Valle Isarco,44338,179031
2020,2.0,Bolzano,16934,34120
2020,2.0,Burggrafenamt,41801,159690
2020,2.0,Oltradige-Bassa Ates.,13445,51283
2020,2.0,Salto-Schiliar,163596,859365
2020,2.0,Val Pusteria,304562,1543839
2020,2.0,Val Venosta,50468,249390
2020,2.0,Valle Isarco,78105,333670
2020,3.0,Alta Valle Isarco,6559,29537
2020,3.0,Bolzano,2350,9523
2020,3.0,Burggrafenamt,7001,30574
2020,3.0,Oltradige-Bassa Ates.,2008,13504
2020,3.0,Salto-Schiliar,21377,138513
2020,3.0,Val Pusteria,42334,243795
2020,3.0,Val Venosta,7635,44578
2020,3.0,Valle Isarco,8949,43485
2020,4.0,Alta Valle Isarco,330,2759
2020,4.0,Bolzano,300,5529
2020,4.0,Burggrafenamt,298,3741
2020,4.0,Oltradige-Bassa Ates.,218,5398
2020,4.0,Salto-Schiliar,83,1565
2020,4.0,Val Pusteria,203,2941
2020,4.0,Val Venosta,131,999
2020,4.0,Valle Isarco,331,2376
2020,5.0,Alta Valle Isarco,1072,5725
2020,5.0,Bolzano,1362,8294
2020,5.0,Burggrafenamt,1745,8506
2020,5.0,Oltradige-Bassa Ates.,1634,9658
2020,5.0,Salto-Schiliar,774,2968
2020,5.0,Val Pusteria,2308,8226
2020,5.0,Val Venosta,985,3174
2020,5.0,Valle Isarco,1510,6421
2020,6.0,Alta Valle Isarco,10349,28968
2020,6.0,Bolzano,8202,20104
2020,6.0,Burggrafenamt,49676,204915
2020,6.0,Oltradige-Bassa Ates.,19052,75099
2020,6.0,Salto-Schiliar,30012,113133
2020,6.0,Val Pusteria,60144,214804
2020,6.0,Val Venosta,18513,61740
2020,6.0,Valle Isarco,19615,67069
2020,7.0,Alta Valle Isarco,38358,129244
2020,7.0,Bolzano,19371,42300
2020,7.0,Burggrafenamt,149934,761365
2020,7.0,Oltradige-Bassa Ates.,50390,234561
2020,7.0,Salto-Schiliar,121007,643400
2020,7.0,Val Pusteria,253933,1277726
2020,7.0,Val Venosta,69809,280340
2020,7.0,Valle Isarco,67375,306471
2020,8.0,Alta Valle Isarco,53922,211691
2020,8.0,Bolzano,30189,69971
2020,8.0,Burggrafenamt,230698,1134562
2020,8.0,Oltradige-Bassa Ates.,81454,368563
2020,8.0,Salto-Schiliar,181355,1009291
2020,8.0,Val Pusteria,342835,1897819
2020,8.0,Val Venosta,95666,429285
2020,8.0,Valle Isarco,106985,493550
2020,9.0,Alta Valle Isarco,33468,101262
2020,9.0,Bolzano,23581,58058
2020,9.0,Burggrafenamt,169880,869662
2020,9.0,Oltradige-Bassa Ates.,60213,278950
2020,9.0,Salto-Schiliar,95355,447048
2020,9.0,Val Pusteria,179517,766128
2020,9.0,Val Venosta,59086,233138
2020,9.0,Valle Isarco,64419,270881
2020,10.0,Alta Valle Isarco,19858,65101
2020,10.0,Bolzano,15580,39157
2020,10.0,Burggrafenamt,108303,553881
2020,10.0,Oltradige-Bassa Ates.,32196,144036
2020,10.0,Salto-Schiliar,40859,171257
2020,10.0,Val Pusteria,63659,244181
2020,10.0,Val Venosta,31201,124032
2020,10.0,Valle Isarco,43171,167095
2020,11.0,Alta Valle Isarco,1745,6725
2020,11.0,Bolzano,2711,10984
2020,11.0,Burggrafenamt,3256,18191
2020,11.0,Oltradige-Bassa Ates.,2148,16116
2020,11.0,Salto-Schiliar,1447,7615
2020,11.0,Val Pusteria,3456,17484
2020,11.0,Val Venosta,3606,16260
2020,11.0,Valle Isarco,2089,9028
2020,12.0,Alta Valle Isarco,3868,10062
2020,12.0,Bolzano,3088,11739
2020,12.0,Burggrafenamt,3419,13019
2020,12.0,Oltradige-Bassa Ates.,2240,13210
2020,12.0,Salto-Schiliar,4002,12918
2020,12.0,Val Pusteria,10826,32659
2020,12.0,Val Venosta,1525,7080
2020,12.0,Valle Isarco,3515,9442
